path,breed,species,pretty,folder,breed_id,species_id
/Users/mnfom/Projects/cnn-Makarena-211/petfaces/cat_Sphynx/Sphynx_162.jpg,Sphynx,cat,Sphynx,cat_Sphynx,11,0
/Users/mnfom/Projects/cnn-Makarena-211/petfaces/cat_Russian/Russian_Blue_178.jpg,Russian_Blue,cat,Russian Blue,cat_Russian,9,0
/Users/mnfom/Projects/cnn-Makarena-211/petfaces/dog_staffordshire/staffordshire_bull_terrier_143.jpg,staffordshire_bull_terrier,dog,staffordshire bull terrier,dog_staffordshire,34,1
/Users/mnfom/Projects/cnn-Makarena-211/petfaces/dog_american/american_bulldog_111.jpg,american_bulldog,dog,american bulldog,dog_american,12,1
/Users/mnfom/Projects/cnn-Makarena-211/petfaces/dog_boxer/boxer_114.jpg,boxer,dog,boxer,dog_boxer,16,1
/Users/mnfom/Projects/cnn-Makarena-211/petfaces/dog_staffordshire/staffordshire_bull_terrier_127.jpg,staffordshire_bull_terrier,dog,staffordshire bull terrier,dog_staffordshire,34,1
/Users/mnfom/Projects/cnn-Makarena-211/petfaces/dog_american/american_bulldog_196.jpg,american_bulldog,dog,american bulldog,dog_american,12,1
/Users/mnfom/Projects/cnn-Makarena-211/petfaces/dog_german/german_shorthaired_147.jpg,german_shorthaired,dog,german shorthaired,dog_german,20,1
/Users/mnfom/Projects/cnn-Makarena-211/petfaces/dog_english/english_cocker_spaniel_120.jpg,english_cocker_spaniel,dog,english cocker spaniel,dog_english,18,1
/Users/mnfom/Projects/cnn-Makarena-211/petfaces/dog_english/english_cocker_spaniel_126.jpg,english_cocker_spaniel,dog,english cocker spaniel,dog_english,18,1
/Users/mnfom/Projects/cnn-Makarena-211/petfaces/dog_basset/basset_hound_122.jpg,basset_hound,dog,basset hound,dog_basset,14,1
/Users/mnfom/Projects/cnn-Makarena-211/petfaces/dog_wheaten/wheaten_terrier_11.jpg,wheaten_terrier,dog,wheaten terrier,dog_wheaten,35,1
/Users/mnfom/Projects/cnn-Makarena-211/petfaces/cat_Birman/Birman_18.jpg,Birman,cat,Birman,cat_Birman,2,0
/Users/mnfom/Projects/cnn-Makarena-211/petfaces/dog_beagle/beagle_111.jpg,beagle,dog,beagle,dog_beagle,15,1
/Users/mnfom/Projects/cnn-Makarena-211/petfaces/dog_great/great_pyrenees_190.jpg,great_pyrenees,dog,great pyrenees,dog_great,21,1
/Users/mnfom/Projects/cnn-Makarena-211/petfaces/cat_Siamese/Siamese_160.jpg,Siamese,cat,Siamese,cat_Siamese,10,0
/Users/mnfom/Projects/cnn-Makarena-211/petfaces/dog_havanese/havanese_148.jpg,havanese,dog,havanese,dog_havanese,22,1
/Users/mnfom/Projects/cnn-Makarena-211/petfaces/cat_Abyssinian/Abyssinian_167.jpg,Abyssinian,cat,Abyssinian,cat_Abyssinian,0,0
/Users/mnfom/Projects/cnn-Makarena-211/petfaces/dog_shiba/shiba_inu_107.jpg,shiba_inu,dog,shiba inu,dog_shiba,33,1
/Users/mnfom/Projects/cnn-Makarena-211/petfaces/dog_english/english_cocker_spaniel_176.jpg,english_cocker_spaniel,dog,english cocker spaniel,dog_english,18,1
/Users/mnfom/Projects/cnn-Makarena-211/petfaces/dog_scottish/scottish_terrier_167.jpg,scottish_terrier,dog,scottish terrier,dog_scottish,32,1
/Users/mnfom/Projects/cnn-Makarena-211/petfaces/dog_wheaten/wheaten_terrier_176.jpg,wheaten_terrier,dog,wheaten terrier,dog_wheaten,35,1
/Users/mnfom/Projects/cnn-Makarena-211/petfaces/dog_english/english_cocker_spaniel_168.jpg,english_cocker_spaniel,dog,english cocker spaniel,dog_english,18,1
/Users/mnfom/Projects/cnn-Makarena-211/petfaces/cat_Ragdoll/Ragdoll_133.jpg,Ragdoll,cat,Ragdoll,cat_Ragdoll,8,0
/Users/mnfom/Projects/cnn-Makarena-211/petfaces/cat_Bengal/Bengal_121.jpg,Bengal,cat,Bengal,cat_Bengal,1,0
/Users/mnfom/Projects/cnn-Makarena-211/petfaces/dog_saint/saint_bernard_17.jpg,saint_bernard,dog,saint bernard,dog_saint,30,1
/Users/mnfom/Projects/cnn-Makarena-211/petfaces/cat_Russian/Russian_Blue_142.jpg,Russian_Blue,cat,Russian Blue,cat_Russian,9,0
/Users/mnfom/Projects/cnn-Makarena-211/petfaces/cat_Russian/Russian_Blue_184.jpg,Russian_Blue,cat,Russian Blue,cat_Russian,9,0
/Users/mnfom/Projects/cnn-Makarena-211/petfaces/dog_keeshond/keeshond_166.jpg,keeshond,dog,keeshond,dog_keeshond,24,1
/Users/mnfom/Projects/cnn-Makarena-211/petfaces/cat_Bengal/Bengal_101.jpg,Bengal,cat,Bengal,cat_Bengal,1,0
/Users/mnfom/Projects/cnn-Makarena-211/petfaces/dog_american/american_pit_bull_terrier_157.jpg,american_pit_bull_terrier,dog,american pit bull terrier,dog_american,13,1
/Users/mnfom/Projects/cnn-Makarena-211/petfaces/dog_staffordshire/staffordshire_bull_terrier_111.jpg,staffordshire_bull_terrier,dog,staffordshire bull terrier,dog_staffordshire,34,1
/Users/mnfom/Projects/cnn-Makarena-211/petfaces/cat_Ragdoll/Ragdoll_151.jpg,Ragdoll,cat,Ragdoll,cat_Ragdoll,8,0
/Users/mnfom/Projects/cnn-Makarena-211/petfaces/dog_wheaten/wheaten_terrier_141.jpg,wheaten_terrier,dog,wheaten terrier,dog_wheaten,35,1
/Users/mnfom/Projects/cnn-Makarena-211/petfaces/cat_Ragdoll/Ragdoll_158.jpg,Ragdoll,cat,Ragdoll,cat_Ragdoll,8,0
/Users/mnfom/Projects/cnn-Makarena-211/petfaces/dog_pomeranian/pomeranian_10.jpg,pomeranian,dog,pomeranian,dog_pomeranian,28,1
/Users/mnfom/Projects/cnn-Makarena-211/petfaces/dog_american/american_bulldog_101.jpg,american_bulldog,dog,american bulldog,dog_american,12,1
/Users/mnfom/Projects/cnn-Makarena-211/petfaces/cat_British/British_Shorthair_156.jpg,British_Shorthair,cat,British Shorthair,cat_British,4,0
/Users/mnfom/Projects/cnn-Makarena-211/petfaces/dog_shiba/shiba_inu_117.jpg,shiba_inu,dog,shiba inu,dog_shiba,33,1
/Users/mnfom/Projects/cnn-Makarena-211/petfaces/dog_boxer/boxer_180.jpg,boxer,dog,boxer,dog_boxer,16,1
/Users/mnfom/Projects/cnn-Makarena-211/petfaces/dog_basset/basset_hound_171.jpg,basset_hound,dog,basset hound,dog_basset,14,1
/Users/mnfom/Projects/cnn-Makarena-211/petfaces/dog_wheaten/wheaten_terrier_155.jpg,wheaten_terrier,dog,wheaten terrier,dog_wheaten,35,1
/Users/mnfom/Projects/cnn-Makarena-211/petfaces/dog_pug/pug_187.jpg,pug,dog,pug,dog_pug,29,1
/Users/mnfom/Projects/cnn-Makarena-211/petfaces/dog_american/american_pit_bull_terrier_112.jpg,american_pit_bull_terrier,dog,american pit bull terrier,dog_american,13,1
/Users/mnfom/Projects/cnn-Makarena-211/petfaces/cat_Maine/Maine_Coon_10.jpg,Maine_Coon,cat,Maine Coon,cat_Maine,6,0
/Users/mnfom/Projects/cnn-Makarena-211/petfaces/dog_basset/basset_hound_178.jpg,basset_hound,dog,basset hound,dog_basset,14,1
/Users/mnfom/Projects/cnn-Makarena-211/petfaces/cat_Sphynx/Sphynx_181.jpg,Sphynx,cat,Sphynx,cat_Sphynx,11,0
/Users/mnfom/Projects/cnn-Makarena-211/petfaces/dog_wheaten/wheaten_terrier_181.jpg,wheaten_terrier,dog,wheaten terrier,dog_wheaten,35,1
/Users/mnfom/Projects/cnn-Makarena-211/petfaces/dog_pug/pug_185.jpg,pug,dog,pug,dog_pug,29,1
/Users/mnfom/Projects/cnn-Makarena-211/petfaces/dog_saint/saint_bernard_14.jpg,saint_bernard,dog,saint bernard,dog_saint,30,1
/Users/mnfom/Projects/cnn-Makarena-211/petfaces/cat_Birman/Birman_123.jpg,Birman,cat,Birman,cat_Birman,2,0
/Users/mnfom/Projects/cnn-Makarena-211/petfaces/dog_yorkshire/yorkshire_terrier_161.jpg,yorkshire_terrier,dog,yorkshire terrier,dog_yorkshire,36,1
/Users/mnfom/Projects/cnn-Makarena-211/petfaces/dog_shiba/shiba_inu_176.jpg,shiba_inu,dog,shiba inu,dog_shiba,33,1
/Users/mnfom/Projects/cnn-Makarena-211/petfaces/dog_miniature/miniature_pinscher_103.jpg,miniature_pinscher,dog,miniature pinscher,dog_miniature,26,1
/Users/mnfom/Projects/cnn-Makarena-211/petfaces/dog_chihuahua/chihuahua_14.jpg,chihuahua,dog,chihuahua,dog_chihuahua,17,1
/Users/mnfom/Projects/cnn-Makarena-211/petfaces/dog_english/english_setter_171.jpg,english_setter,dog,english setter,dog_english,19,1
/Users/mnfom/Projects/cnn-Makarena-211/petfaces/dog_german/german_shorthaired_175.jpg,german_shorthaired,dog,german shorthaired,dog_german,20,1
/Users/mnfom/Projects/cnn-Makarena-211/petfaces/dog_american/american_pit_bull_terrier_176.jpg,american_pit_bull_terrier,dog,american pit bull terrier,dog_american,13,1
/Users/mnfom/Projects/cnn-Makarena-211/petfaces/cat_Siamese/Siamese_171.jpg,Siamese,cat,Siamese,cat_Siamese,10,0
/Users/mnfom/Projects/cnn-Makarena-211/petfaces/dog_basset/basset_hound_180.jpg,basset_hound,dog,basset hound,dog_basset,14,1
/Users/mnfom/Projects/cnn-Makarena-211/petfaces/cat_Maine/Maine_Coon_128.jpg,Maine_Coon,cat,Maine Coon,cat_Maine,6,0
/Users/mnfom/Projects/cnn-Makarena-211/petfaces/cat_Egyptian/Egyptian_Mau_183.jpg,Egyptian_Mau,cat,Egyptian Mau,cat_Egyptian,5,0
/Users/mnfom/Projects/cnn-Makarena-211/petfaces/cat_Egyptian/Egyptian_Mau_192.jpg,Egyptian_Mau,cat,Egyptian Mau,cat_Egyptian,5,0
/Users/mnfom/Projects/cnn-Makarena-211/petfaces/dog_great/great_pyrenees_120.jpg,great_pyrenees,dog,great pyrenees,dog_great,21,1
/Users/mnfom/Projects/cnn-Makarena-211/petfaces/dog_beagle/beagle_122.jpg,beagle,dog,beagle,dog_beagle,15,1
/Users/mnfom/Projects/cnn-Makarena-211/petfaces/cat_Maine/Maine_Coon_131.jpg,Maine_Coon,cat,Maine Coon,cat_Maine,6,0
/Users/mnfom/Projects/cnn-Makarena-211/petfaces/dog_japanese/japanese_chin_177.jpg,japanese_chin,dog,japanese chin,dog_japanese,23,1
/Users/mnfom/Projects/cnn-Makarena-211/petfaces/dog_pug/pug_148.jpg,pug,dog,pug,dog_pug,29,1
/Users/mnfom/Projects/cnn-Makarena-211/petfaces/dog_chihuahua/chihuahua_156.jpg,chihuahua,dog,chihuahua,dog_chihuahua,17,1
/Users/mnfom/Projects/cnn-Makarena-211/petfaces/cat_Egyptian/Egyptian_Mau_112.jpg,Egyptian_Mau,cat,Egyptian Mau,cat_Egyptian,5,0
/Users/mnfom/Projects/cnn-Makarena-211/petfaces/dog_yorkshire/yorkshire_terrier_153.jpg,yorkshire_terrier,dog,yorkshire terrier,dog_yorkshire,36,1
/Users/mnfom/Projects/cnn-Makarena-211/petfaces/dog_boxer/boxer_148.jpg,boxer,dog,boxer,dog_boxer,16,1
/Users/mnfom/Projects/cnn-Makarena-211/petfaces/cat_Sphynx/Sphynx_130.jpg,Sphynx,cat,Sphynx,cat_Sphynx,11,0
/Users/mnfom/Projects/cnn-Makarena-211/petfaces/dog_boxer/boxer_156.jpg,boxer,dog,boxer,dog_boxer,16,1
/Users/mnfom/Projects/cnn-Makarena-211/petfaces/dog_staffordshire/staffordshire_bull_terrier_136.jpg,staffordshire_bull_terrier,dog,staffordshire bull terrier,dog_staffordshire,34,1
/Users/mnfom/Projects/cnn-Makarena-211/petfaces/dog_beagle/beagle_157.jpg,beagle,dog,beagle,dog_beagle,15,1
/Users/mnfom/Projects/cnn-Makarena-211/petfaces/cat_Abyssinian/Abyssinian_1.jpg,Abyssinian,cat,Abyssinian,cat_Abyssinian,0,0
/Users/mnfom/Projects/cnn-Makarena-211/petfaces/dog_american/american_bulldog_141.jpg,american_bulldog,dog,american bulldog,dog_american,12,1
/Users/mnfom/Projects/cnn-Makarena-211/petfaces/dog_japanese/japanese_chin_106.jpg,japanese_chin,dog,japanese chin,dog_japanese,23,1
/Users/mnfom/Projects/cnn-Makarena-211/petfaces/dog_pomeranian/pomeranian_183.jpg,pomeranian,dog,pomeranian,dog_pomeranian,28,1
/Users/mnfom/Projects/cnn-Makarena-211/petfaces/dog_basset/basset_hound_169.jpg,basset_hound,dog,basset hound,dog_basset,14,1
/Users/mnfom/Projects/cnn-Makarena-211/petfaces/dog_pug/pug_172.jpg,pug,dog,pug,dog_pug,29,1
/Users/mnfom/Projects/cnn-Makarena-211/petfaces/dog_english/english_setter_162.jpg,english_setter,dog,english setter,dog_english,19,1
/Users/mnfom/Projects/cnn-Makarena-211/petfaces/dog_samoyed/samoyed_17.jpg,samoyed,dog,samoyed,dog_samoyed,31,1
/Users/mnfom/Projects/cnn-Makarena-211/petfaces/dog_staffordshire/staffordshire_bull_terrier_185.jpg,staffordshire_bull_terrier,dog,staffordshire bull terrier,dog_staffordshire,34,1
/Users/mnfom/Projects/cnn-Makarena-211/petfaces/dog_samoyed/samoyed_103.jpg,samoyed,dog,samoyed,dog_samoyed,31,1
/Users/mnfom/Projects/cnn-Makarena-211/petfaces/dog_leonberger/leonberger_149.jpg,leonberger,dog,leonberger,dog_leonberger,25,1
/Users/mnfom/Projects/cnn-Makarena-211/petfaces/dog_american/american_bulldog_185.jpg,american_bulldog,dog,american bulldog,dog_american,12,1
/Users/mnfom/Projects/cnn-Makarena-211/petfaces/dog_beagle/beagle_156.jpg,beagle,dog,beagle,dog_beagle,15,1
/Users/mnfom/Projects/cnn-Makarena-211/petfaces/dog_leonberger/leonberger_144.jpg,leonberger,dog,leonberger,dog_leonberger,25,1
/Users/mnfom/Projects/cnn-Makarena-211/petfaces/cat_Egyptian/Egyptian_Mau_178.jpg,Egyptian_Mau,cat,Egyptian Mau,cat_Egyptian,5,0
/Users/mnfom/Projects/cnn-Makarena-211/petfaces/dog_shiba/shiba_inu_136.jpg,shiba_inu,dog,shiba inu,dog_shiba,33,1
/Users/mnfom/Projects/cnn-Makarena-211/petfaces/cat_Sphynx/Sphynx_129.jpg,Sphynx,cat,Sphynx,cat_Sphynx,11,0
/Users/mnfom/Projects/cnn-Makarena-211/petfaces/cat_Birman/Birman_108.jpg,Birman,cat,Birman,cat_Birman,2,0
/Users/mnfom/Projects/cnn-Makarena-211/petfaces/dog_yorkshire/yorkshire_terrier_188.jpg,yorkshire_terrier,dog,yorkshire terrier,dog_yorkshire,36,1
/Users/mnfom/Projects/cnn-Makarena-211/petfaces/cat_Siamese/Siamese_103.jpg,Siamese,cat,Siamese,cat_Siamese,10,0
/Users/mnfom/Projects/cnn-Makarena-211/petfaces/cat_Siamese/Siamese_144.jpg,Siamese,cat,Siamese,cat_Siamese,10,0
/Users/mnfom/Projects/cnn-Makarena-211/petfaces/cat_Persian/Persian_155.jpg,Persian,cat,Persian,cat_Persian,7,0
/Users/mnfom/Projects/cnn-Makarena-211/petfaces/dog_wheaten/wheaten_terrier_117.jpg,wheaten_terrier,dog,wheaten terrier,dog_wheaten,35,1
/Users/mnfom/Projects/cnn-Makarena-211/petfaces/dog_staffordshire/staffordshire_bull_terrier_140.jpg,staffordshire_bull_terrier,dog,staffordshire bull terrier,dog_staffordshire,34,1
/Users/mnfom/Projects/cnn-Makarena-211/petfaces/dog_havanese/havanese_189.jpg,havanese,dog,havanese,dog_havanese,22,1
/Users/mnfom/Projects/cnn-Makarena-211/petfaces/dog_beagle/beagle_104.jpg,beagle,dog,beagle,dog_beagle,15,1
/Users/mnfom/Projects/cnn-Makarena-211/petfaces/dog_japanese/japanese_chin_169.jpg,japanese_chin,dog,japanese chin,dog_japanese,23,1
/Users/mnfom/Projects/cnn-Makarena-211/petfaces/cat_Siamese/Siamese_104.jpg,Siamese,cat,Siamese,cat_Siamese,10,0
/Users/mnfom/Projects/cnn-Makarena-211/petfaces/dog_chihuahua/chihuahua_167.jpg,chihuahua,dog,chihuahua,dog_chihuahua,17,1
/Users/mnfom/Projects/cnn-Makarena-211/petfaces/dog_saint/saint_bernard_178.jpg,saint_bernard,dog,saint bernard,dog_saint,30,1
/Users/mnfom/Projects/cnn-Makarena-211/petfaces/dog_havanese/havanese_11.jpg,havanese,dog,havanese,dog_havanese,22,1
/Users/mnfom/Projects/cnn-Makarena-211/petfaces/cat_Abyssinian/Abyssinian_139.jpg,Abyssinian,cat,Abyssinian,cat_Abyssinian,0,0
/Users/mnfom/Projects/cnn-Makarena-211/petfaces/dog_havanese/havanese_155.jpg,havanese,dog,havanese,dog_havanese,22,1
/Users/mnfom/Projects/cnn-Makarena-211/petfaces/dog_english/english_setter_131.jpg,english_setter,dog,english setter,dog_english,19,1
/Users/mnfom/Projects/cnn-Makarena-211/petfaces/cat_Egyptian/Egyptian_Mau_115.jpg,Egyptian_Mau,cat,Egyptian Mau,cat_Egyptian,5,0
/Users/mnfom/Projects/cnn-Makarena-211/petfaces/dog_great/great_pyrenees_14.jpg,great_pyrenees,dog,great pyrenees,dog_great,21,1
/Users/mnfom/Projects/cnn-Makarena-211/petfaces/dog_japanese/japanese_chin_16.jpg,japanese_chin,dog,japanese chin,dog_japanese,23,1
/Users/mnfom/Projects/cnn-Makarena-211/petfaces/cat_Persian/Persian_195.jpg,Persian,cat,Persian,cat_Persian,7,0
/Users/mnfom/Projects/cnn-Makarena-211/petfaces/dog_staffordshire/staffordshire_bull_terrier_124.jpg,staffordshire_bull_terrier,dog,staffordshire bull terrier,dog_staffordshire,34,1
/Users/mnfom/Projects/cnn-Makarena-211/petfaces/dog_english/english_cocker_spaniel_101.jpg,english_cocker_spaniel,dog,english cocker spaniel,dog_english,18,1
/Users/mnfom/Projects/cnn-Makarena-211/petfaces/dog_keeshond/keeshond_121.jpg,keeshond,dog,keeshond,dog_keeshond,24,1
/Users/mnfom/Projects/cnn-Makarena-211/petfaces/dog_newfoundland/newfoundland_114.jpg,newfoundland,dog,newfoundland,dog_newfoundland,27,1
/Users/mnfom/Projects/cnn-Makarena-211/petfaces/cat_British/British_Shorthair_126.jpg,British_Shorthair,cat,British Shorthair,cat_British,4,0
/Users/mnfom/Projects/cnn-Makarena-211/petfaces/dog_newfoundland/newfoundland_182.jpg,newfoundland,dog,newfoundland,dog_newfoundland,27,1
/Users/mnfom/Projects/cnn-Makarena-211/petfaces/cat_British/British_Shorthair_107.jpg,British_Shorthair,cat,British Shorthair,cat_British,4,0
/Users/mnfom/Projects/cnn-Makarena-211/petfaces/dog_saint/saint_bernard_130.jpg,saint_bernard,dog,saint bernard,dog_saint,30,1
/Users/mnfom/Projects/cnn-Makarena-211/petfaces/cat_Russian/Russian_Blue_198.jpg,Russian_Blue,cat,Russian Blue,cat_Russian,9,0
/Users/mnfom/Projects/cnn-Makarena-211/petfaces/dog_pomeranian/pomeranian_177.jpg,pomeranian,dog,pomeranian,dog_pomeranian,28,1
/Users/mnfom/Projects/cnn-Makarena-211/petfaces/dog_english/english_cocker_spaniel_111.jpg,english_cocker_spaniel,dog,english cocker spaniel,dog_english,18,1
/Users/mnfom/Projects/cnn-Makarena-211/petfaces/dog_havanese/havanese_175.jpg,havanese,dog,havanese,dog_havanese,22,1
/Users/mnfom/Projects/cnn-Makarena-211/petfaces/dog_saint/saint_bernard_104.jpg,saint_bernard,dog,saint bernard,dog_saint,30,1
/Users/mnfom/Projects/cnn-Makarena-211/petfaces/dog_pomeranian/pomeranian_181.jpg,pomeranian,dog,pomeranian,dog_pomeranian,28,1
/Users/mnfom/Projects/cnn-Makarena-211/petfaces/dog_american/american_bulldog_201.jpg,american_bulldog,dog,american bulldog,dog_american,12,1
/Users/mnfom/Projects/cnn-Makarena-211/petfaces/dog_scottish/scottish_terrier_170.jpg,scottish_terrier,dog,scottish terrier,dog_scottish,32,1
/Users/mnfom/Projects/cnn-Makarena-211/petfaces/cat_Bombay/Bombay_11.jpg,Bombay,cat,Bombay,cat_Bombay,3,0
/Users/mnfom/Projects/cnn-Makarena-211/petfaces/dog_german/german_shorthaired_116.jpg,german_shorthaired,dog,german shorthaired,dog_german,20,1
/Users/mnfom/Projects/cnn-Makarena-211/petfaces/dog_keeshond/keeshond_128.jpg,keeshond,dog,keeshond,dog_keeshond,24,1
/Users/mnfom/Projects/cnn-Makarena-211/petfaces/dog_pug/pug_167.jpg,pug,dog,pug,dog_pug,29,1
/Users/mnfom/Projects/cnn-Makarena-211/petfaces/dog_basset/basset_hound_150.jpg,basset_hound,dog,basset hound,dog_basset,14,1
/Users/mnfom/Projects/cnn-Makarena-211/petfaces/dog_leonberger/leonberger_125.jpg,leonberger,dog,leonberger,dog_leonberger,25,1
/Users/mnfom/Projects/cnn-Makarena-211/petfaces/dog_english/english_setter_176.jpg,english_setter,dog,english setter,dog_english,19,1
/Users/mnfom/Projects/cnn-Makarena-211/petfaces/dog_german/german_shorthaired_151.jpg,german_shorthaired,dog,german shorthaired,dog_german,20,1
/Users/mnfom/Projects/cnn-Makarena-211/petfaces/dog_american/american_bulldog_137.jpg,american_bulldog,dog,american bulldog,dog_american,12,1
/Users/mnfom/Projects/cnn-Makarena-211/petfaces/cat_Persian/Persian_145.jpg,Persian,cat,Persian,cat_Persian,7,0
/Users/mnfom/Projects/cnn-Makarena-211/petfaces/dog_beagle/beagle_152.jpg,beagle,dog,beagle,dog_beagle,15,1
/Users/mnfom/Projects/cnn-Makarena-211/petfaces/dog_scottish/scottish_terrier_173.jpg,scottish_terrier,dog,scottish terrier,dog_scottish,32,1
/Users/mnfom/Projects/cnn-Makarena-211/petfaces/cat_Birman/Birman_154.jpg,Birman,cat,Birman,cat_Birman,2,0
/Users/mnfom/Projects/cnn-Makarena-211/petfaces/dog_pomeranian/pomeranian_172.jpg,pomeranian,dog,pomeranian,dog_pomeranian,28,1
/Users/mnfom/Projects/cnn-Makarena-211/petfaces/dog_leonberger/leonberger_108.jpg,leonberger,dog,leonberger,dog_leonberger,25,1
/Users/mnfom/Projects/cnn-Makarena-211/petfaces/cat_British/British_Shorthair_163.jpg,British_Shorthair,cat,British Shorthair,cat_British,4,0
/Users/mnfom/Projects/cnn-Makarena-211/petfaces/cat_Ragdoll/Ragdoll_154.jpg,Ragdoll,cat,Ragdoll,cat_Ragdoll,8,0
/Users/mnfom/Projects/cnn-Makarena-211/petfaces/dog_boxer/boxer_16.jpg,boxer,dog,boxer,dog_boxer,16,1
/Users/mnfom/Projects/cnn-Makarena-211/petfaces/dog_leonberger/leonberger_112.jpg,leonberger,dog,leonberger,dog_leonberger,25,1
/Users/mnfom/Projects/cnn-Makarena-211/petfaces/cat_Birman/Birman_177.jpg,Birman,cat,Birman,cat_Birman,2,0
/Users/mnfom/Projects/cnn-Makarena-211/petfaces/dog_great/great_pyrenees_156.jpg,great_pyrenees,dog,great pyrenees,dog_great,21,1
/Users/mnfom/Projects/cnn-Makarena-211/petfaces/dog_chihuahua/chihuahua_108.jpg,chihuahua,dog,chihuahua,dog_chihuahua,17,1
/Users/mnfom/Projects/cnn-Makarena-211/petfaces/dog_pug/pug_162.jpg,pug,dog,pug,dog_pug,29,1
/Users/mnfom/Projects/cnn-Makarena-211/petfaces/cat_Siamese/Siamese_116.jpg,Siamese,cat,Siamese,cat_Siamese,10,0
/Users/mnfom/Projects/cnn-Makarena-211/petfaces/cat_Birman/Birman_166.jpg,Birman,cat,Birman,cat_Birman,2,0
/Users/mnfom/Projects/cnn-Makarena-211/petfaces/cat_Siamese/Siamese_198.jpg,Siamese,cat,Siamese,cat_Siamese,10,0
/Users/mnfom/Projects/cnn-Makarena-211/petfaces/dog_havanese/havanese_151.jpg,havanese,dog,havanese,dog_havanese,22,1
/Users/mnfom/Projects/cnn-Makarena-211/petfaces/dog_pomeranian/pomeranian_144.jpg,pomeranian,dog,pomeranian,dog_pomeranian,28,1
/Users/mnfom/Projects/cnn-Makarena-211/petfaces/cat_Egyptian/Egyptian_Mau_163.jpg,Egyptian_Mau,cat,Egyptian Mau,cat_Egyptian,5,0
/Users/mnfom/Projects/cnn-Makarena-211/petfaces/dog_american/american_bulldog_102.jpg,american_bulldog,dog,american bulldog,dog_american,12,1
/Users/mnfom/Projects/cnn-Makarena-211/petfaces/cat_Maine/Maine_Coon_129.jpg,Maine_Coon,cat,Maine Coon,cat_Maine,6,0
/Users/mnfom/Projects/cnn-Makarena-211/petfaces/cat_Persian/Persian_19.jpg,Persian,cat,Persian,cat_Persian,7,0
/Users/mnfom/Projects/cnn-Makarena-211/petfaces/dog_yorkshire/yorkshire_terrier_181.jpg,yorkshire_terrier,dog,yorkshire terrier,dog_yorkshire,36,1
/Users/mnfom/Projects/cnn-Makarena-211/petfaces/cat_Birman/Birman_138.jpg,Birman,cat,Birman,cat_Birman,2,0
/Users/mnfom/Projects/cnn-Makarena-211/petfaces/cat_Bombay/Bombay_141.jpg,Bombay,cat,Bombay,cat_Bombay,3,0
/Users/mnfom/Projects/cnn-Makarena-211/petfaces/cat_Birman/Birman_104.jpg,Birman,cat,Birman,cat_Birman,2,0
/Users/mnfom/Projects/cnn-Makarena-211/petfaces/dog_chihuahua/chihuahua_176.jpg,chihuahua,dog,chihuahua,dog_chihuahua,17,1
/Users/mnfom/Projects/cnn-Makarena-211/petfaces/dog_miniature/miniature_pinscher_104.jpg,miniature_pinscher,dog,miniature pinscher,dog_miniature,26,1
/Users/mnfom/Projects/cnn-Makarena-211/petfaces/dog_newfoundland/newfoundland_165.jpg,newfoundland,dog,newfoundland,dog_newfoundland,27,1
/Users/mnfom/Projects/cnn-Makarena-211/petfaces/dog_german/german_shorthaired_137.jpg,german_shorthaired,dog,german shorthaired,dog_german,20,1
/Users/mnfom/Projects/cnn-Makarena-211/petfaces/cat_Siamese/Siamese_208.jpg,Siamese,cat,Siamese,cat_Siamese,10,0
/Users/mnfom/Projects/cnn-Makarena-211/petfaces/dog_saint/saint_bernard_174.jpg,saint_bernard,dog,saint bernard,dog_saint,30,1
/Users/mnfom/Projects/cnn-Makarena-211/petfaces/dog_pug/pug_122.jpg,pug,dog,pug,dog_pug,29,1
/Users/mnfom/Projects/cnn-Makarena-211/petfaces/dog_american/american_bulldog_183.jpg,american_bulldog,dog,american bulldog,dog_american,12,1
/Users/mnfom/Projects/cnn-Makarena-211/petfaces/cat_Siamese/Siamese_203.jpg,Siamese,cat,Siamese,cat_Siamese,10,0
/Users/mnfom/Projects/cnn-Makarena-211/petfaces/dog_pomeranian/pomeranian_125.jpg,pomeranian,dog,pomeranian,dog_pomeranian,28,1
/Users/mnfom/Projects/cnn-Makarena-211/petfaces/cat_Sphynx/Sphynx_108.jpg,Sphynx,cat,Sphynx,cat_Sphynx,11,0
/Users/mnfom/Projects/cnn-Makarena-211/petfaces/dog_newfoundland/newfoundland_144.jpg,newfoundland,dog,newfoundland,dog_newfoundland,27,1
/Users/mnfom/Projects/cnn-Makarena-211/petfaces/cat_Siamese/Siamese_142.jpg,Siamese,cat,Siamese,cat_Siamese,10,0
/Users/mnfom/Projects/cnn-Makarena-211/petfaces/dog_keeshond/keeshond_164.jpg,keeshond,dog,keeshond,dog_keeshond,24,1
/Users/mnfom/Projects/cnn-Makarena-211/petfaces/dog_japanese/japanese_chin_117.jpg,japanese_chin,dog,japanese chin,dog_japanese,23,1
/Users/mnfom/Projects/cnn-Makarena-211/petfaces/dog_newfoundland/newfoundland_143.jpg,newfoundland,dog,newfoundland,dog_newfoundland,27,1
/Users/mnfom/Projects/cnn-Makarena-211/petfaces/cat_Bombay/Bombay_185.jpg,Bombay,cat,Bombay,cat_Bombay,3,0
/Users/mnfom/Projects/cnn-Makarena-211/petfaces/cat_Ragdoll/Ragdoll_165.jpg,Ragdoll,cat,Ragdoll,cat_Ragdoll,8,0
/Users/mnfom/Projects/cnn-Makarena-211/petfaces/dog_great/great_pyrenees_117.jpg,great_pyrenees,dog,great pyrenees,dog_great,21,1
/Users/mnfom/Projects/cnn-Makarena-211/petfaces/dog_great/great_pyrenees_122.jpg,great_pyrenees,dog,great pyrenees,dog_great,21,1
/Users/mnfom/Projects/cnn-Makarena-211/petfaces/dog_shiba/shiba_inu_196.jpg,shiba_inu,dog,shiba inu,dog_shiba,33,1
/Users/mnfom/Projects/cnn-Makarena-211/petfaces/dog_german/german_shorthaired_146.jpg,german_shorthaired,dog,german shorthaired,dog_german,20,1
/Users/mnfom/Projects/cnn-Makarena-211/petfaces/dog_japanese/japanese_chin_11.jpg,japanese_chin,dog,japanese chin,dog_japanese,23,1
/Users/mnfom/Projects/cnn-Makarena-211/petfaces/dog_havanese/havanese_127.jpg,havanese,dog,havanese,dog_havanese,22,1
/Users/mnfom/Projects/cnn-Makarena-211/petfaces/dog_boxer/boxer_182.jpg,boxer,dog,boxer,dog_boxer,16,1
/Users/mnfom/Projects/cnn-Makarena-211/petfaces/cat_Birman/Birman_120.jpg,Birman,cat,Birman,cat_Birman,2,0
/Users/mnfom/Projects/cnn-Makarena-211/petfaces/dog_scottish/scottish_terrier_177.jpg,scottish_terrier,dog,scottish terrier,dog_scottish,32,1
/Users/mnfom/Projects/cnn-Makarena-211/petfaces/dog_american/american_pit_bull_terrier_178.jpg,american_pit_bull_terrier,dog,american pit bull terrier,dog_american,13,1
/Users/mnfom/Projects/cnn-Makarena-211/petfaces/cat_Persian/Persian_187.jpg,Persian,cat,Persian,cat_Persian,7,0
/Users/mnfom/Projects/cnn-Makarena-211/petfaces/dog_yorkshire/yorkshire_terrier_189.jpg,yorkshire_terrier,dog,yorkshire terrier,dog_yorkshire,36,1
/Users/mnfom/Projects/cnn-Makarena-211/petfaces/cat_Birman/Birman_117.jpg,Birman,cat,Birman,cat_Birman,2,0
/Users/mnfom/Projects/cnn-Makarena-211/petfaces/dog_shiba/shiba_inu_156.jpg,shiba_inu,dog,shiba inu,dog_shiba,33,1
/Users/mnfom/Projects/cnn-Makarena-211/petfaces/dog_english/english_setter_189.jpg,english_setter,dog,english setter,dog_english,19,1
/Users/mnfom/Projects/cnn-Makarena-211/petfaces/cat_Bombay/Bombay_18.jpg,Bombay,cat,Bombay,cat_Bombay,3,0
/Users/mnfom/Projects/cnn-Makarena-211/petfaces/dog_pomeranian/pomeranian_124.jpg,pomeranian,dog,pomeranian,dog_pomeranian,28,1
/Users/mnfom/Projects/cnn-Makarena-211/petfaces/cat_Persian/Persian_182.jpg,Persian,cat,Persian,cat_Persian,7,0
/Users/mnfom/Projects/cnn-Makarena-211/petfaces/dog_saint/saint_bernard_166.jpg,saint_bernard,dog,saint bernard,dog_saint,30,1
/Users/mnfom/Projects/cnn-Makarena-211/petfaces/dog_wheaten/wheaten_terrier_165.jpg,wheaten_terrier,dog,wheaten terrier,dog_wheaten,35,1
/Users/mnfom/Projects/cnn-Makarena-211/petfaces/dog_basset/basset_hound_126.jpg,basset_hound,dog,basset hound,dog_basset,14,1
/Users/mnfom/Projects/cnn-Makarena-211/petfaces/dog_saint/saint_bernard_127.jpg,saint_bernard,dog,saint bernard,dog_saint,30,1
/Users/mnfom/Projects/cnn-Makarena-211/petfaces/dog_leonberger/leonberger_154.jpg,leonberger,dog,leonberger,dog_leonberger,25,1
/Users/mnfom/Projects/cnn-Makarena-211/petfaces/dog_wheaten/wheaten_terrier_110.jpg,wheaten_terrier,dog,wheaten terrier,dog_wheaten,35,1
/Users/mnfom/Projects/cnn-Makarena-211/petfaces/dog_chihuahua/chihuahua_100.jpg,chihuahua,dog,chihuahua,dog_chihuahua,17,1
/Users/mnfom/Projects/cnn-Makarena-211/petfaces/cat_Sphynx/Sphynx_190.jpg,Sphynx,cat,Sphynx,cat_Sphynx,11,0
/Users/mnfom/Projects/cnn-Makarena-211/petfaces/dog_pug/pug_119.jpg,pug,dog,pug,dog_pug,29,1
/Users/mnfom/Projects/cnn-Makarena-211/petfaces/dog_staffordshire/staffordshire_bull_terrier_121.jpg,staffordshire_bull_terrier,dog,staffordshire bull terrier,dog_staffordshire,34,1
/Users/mnfom/Projects/cnn-Makarena-211/petfaces/dog_german/german_shorthaired_110.jpg,german_shorthaired,dog,german shorthaired,dog_german,20,1
/Users/mnfom/Projects/cnn-Makarena-211/petfaces/dog_american/american_bulldog_107.jpg,american_bulldog,dog,american bulldog,dog_american,12,1
/Users/mnfom/Projects/cnn-Makarena-211/petfaces/cat_Russian/Russian_Blue_176.jpg,Russian_Blue,cat,Russian Blue,cat_Russian,9,0
/Users/mnfom/Projects/cnn-Makarena-211/petfaces/dog_saint/saint_bernard_18.jpg,saint_bernard,dog,saint bernard,dog_saint,30,1
/Users/mnfom/Projects/cnn-Makarena-211/petfaces/dog_american/american_pit_bull_terrier_150.jpg,american_pit_bull_terrier,dog,american pit bull terrier,dog_american,13,1
/Users/mnfom/Projects/cnn-Makarena-211/petfaces/dog_miniature/miniature_pinscher_112.jpg,miniature_pinscher,dog,miniature pinscher,dog_miniature,26,1
/Users/mnfom/Projects/cnn-Makarena-211/petfaces/cat_Birman/Birman_157.jpg,Birman,cat,Birman,cat_Birman,2,0
/Users/mnfom/Projects/cnn-Makarena-211/petfaces/dog_german/german_shorthaired_159.jpg,german_shorthaired,dog,german shorthaired,dog_german,20,1
/Users/mnfom/Projects/cnn-Makarena-211/petfaces/dog_newfoundland/newfoundland_171.jpg,newfoundland,dog,newfoundland,dog_newfoundland,27,1
/Users/mnfom/Projects/cnn-Makarena-211/petfaces/cat_Abyssinian/Abyssinian_191.jpg,Abyssinian,cat,Abyssinian,cat_Abyssinian,0,0
/Users/mnfom/Projects/cnn-Makarena-211/petfaces/dog_beagle/beagle_16.jpg,beagle,dog,beagle,dog_beagle,15,1
/Users/mnfom/Projects/cnn-Makarena-211/petfaces/dog_keeshond/keeshond_139.jpg,keeshond,dog,keeshond,dog_keeshond,24,1
/Users/mnfom/Projects/cnn-Makarena-211/petfaces/dog_staffordshire/staffordshire_bull_terrier_104.jpg,staffordshire_bull_terrier,dog,staffordshire bull terrier,dog_staffordshire,34,1
/Users/mnfom/Projects/cnn-Makarena-211/petfaces/dog_keeshond/keeshond_14.jpg,keeshond,dog,keeshond,dog_keeshond,24,1
/Users/mnfom/Projects/cnn-Makarena-211/petfaces/cat_Sphynx/Sphynx_141.jpg,Sphynx,cat,Sphynx,cat_Sphynx,11,0
/Users/mnfom/Projects/cnn-Makarena-211/petfaces/cat_Abyssinian/Abyssinian_129.jpg,Abyssinian,cat,Abyssinian,cat_Abyssinian,0,0
/Users/mnfom/Projects/cnn-Makarena-211/petfaces/cat_Sphynx/Sphynx_178.jpg,Sphynx,cat,Sphynx,cat_Sphynx,11,0
/Users/mnfom/Projects/cnn-Makarena-211/petfaces/cat_Bengal/Bengal_190.jpg,Bengal,cat,Bengal,cat_Bengal,1,0
/Users/mnfom/Projects/cnn-Makarena-211/petfaces/dog_english/english_setter_17.jpg,english_setter,dog,english setter,dog_english,19,1
/Users/mnfom/Projects/cnn-Makarena-211/petfaces/dog_german/german_shorthaired_156.jpg,german_shorthaired,dog,german shorthaired,dog_german,20,1
/Users/mnfom/Projects/cnn-Makarena-211/petfaces/cat_British/British_Shorthair_186.jpg,British_Shorthair,cat,British Shorthair,cat_British,4,0
/Users/mnfom/Projects/cnn-Makarena-211/petfaces/cat_Siamese/Siamese_163.jpg,Siamese,cat,Siamese,cat_Siamese,10,0
/Users/mnfom/Projects/cnn-Makarena-211/petfaces/cat_Egyptian/Egyptian_Mau_103.jpg,Egyptian_Mau,cat,Egyptian Mau,cat_Egyptian,5,0
/Users/mnfom/Projects/cnn-Makarena-211/petfaces/cat_Siamese/Siamese_162.jpg,Siamese,cat,Siamese,cat_Siamese,10,0
/Users/mnfom/Projects/cnn-Makarena-211/petfaces/dog_english/english_cocker_spaniel_110.jpg,english_cocker_spaniel,dog,english cocker spaniel,dog_english,18,1
/Users/mnfom/Projects/cnn-Makarena-211/petfaces/cat_Birman/Birman_147.jpg,Birman,cat,Birman,cat_Birman,2,0
/Users/mnfom/Projects/cnn-Makarena-211/petfaces/cat_Egyptian/Egyptian_Mau_153.jpg,Egyptian_Mau,cat,Egyptian Mau,cat_Egyptian,5,0
/Users/mnfom/Projects/cnn-Makarena-211/petfaces/cat_Sphynx/Sphynx_153.jpg,Sphynx,cat,Sphynx,cat_Sphynx,11,0
/Users/mnfom/Projects/cnn-Makarena-211/petfaces/dog_staffordshire/staffordshire_bull_terrier_175.jpg,staffordshire_bull_terrier,dog,staffordshire bull terrier,dog_staffordshire,34,1
/Users/mnfom/Projects/cnn-Makarena-211/petfaces/dog_leonberger/leonberger_139.jpg,leonberger,dog,leonberger,dog_leonberger,25,1
/Users/mnfom/Projects/cnn-Makarena-211/petfaces/dog_samoyed/samoyed_14.jpg,samoyed,dog,samoyed,dog_samoyed,31,1
/Users/mnfom/Projects/cnn-Makarena-211/petfaces/dog_great/great_pyrenees_164.jpg,great_pyrenees,dog,great pyrenees,dog_great,21,1
/Users/mnfom/Projects/cnn-Makarena-211/petfaces/dog_leonberger/leonberger_156.jpg,leonberger,dog,leonberger,dog_leonberger,25,1
/Users/mnfom/Projects/cnn-Makarena-211/petfaces/dog_leonberger/leonberger_121.jpg,leonberger,dog,leonberger,dog_leonberger,25,1
/Users/mnfom/Projects/cnn-Makarena-211/petfaces/cat_Abyssinian/Abyssinian_19.jpg,Abyssinian,cat,Abyssinian,cat_Abyssinian,0,0
/Users/mnfom/Projects/cnn-Makarena-211/petfaces/dog_yorkshire/yorkshire_terrier_132.jpg,yorkshire_terrier,dog,yorkshire terrier,dog_yorkshire,36,1
/Users/mnfom/Projects/cnn-Makarena-211/petfaces/dog_havanese/havanese_162.jpg,havanese,dog,havanese,dog_havanese,22,1
/Users/mnfom/Projects/cnn-Makarena-211/petfaces/cat_Sphynx/Sphynx_145.jpg,Sphynx,cat,Sphynx,cat_Sphynx,11,0
/Users/mnfom/Projects/cnn-Makarena-211/petfaces/cat_British/British_Shorthair_195.jpg,British_Shorthair,cat,British Shorthair,cat_British,4,0
/Users/mnfom/Projects/cnn-Makarena-211/petfaces/cat_British/British_Shorthair_140.jpg,British_Shorthair,cat,British Shorthair,cat_British,4,0
/Users/mnfom/Projects/cnn-Makarena-211/petfaces/cat_Russian/Russian_Blue_140.jpg,Russian_Blue,cat,Russian Blue,cat_Russian,9,0
/Users/mnfom/Projects/cnn-Makarena-211/petfaces/cat_Birman/Birman_122.jpg,Birman,cat,Birman,cat_Birman,2,0
/Users/mnfom/Projects/cnn-Makarena-211/petfaces/cat_Sphynx/Sphynx_133.jpg,Sphynx,cat,Sphynx,cat_Sphynx,11,0
/Users/mnfom/Projects/cnn-Makarena-211/petfaces/dog_english/english_cocker_spaniel_104.jpg,english_cocker_spaniel,dog,english cocker spaniel,dog_english,18,1
/Users/mnfom/Projects/cnn-Makarena-211/petfaces/cat_British/British_Shorthair_182.jpg,British_Shorthair,cat,British Shorthair,cat_British,4,0
/Users/mnfom/Projects/cnn-Makarena-211/petfaces/cat_Birman/Birman_13.jpg,Birman,cat,Birman,cat_Birman,2,0
/Users/mnfom/Projects/cnn-Makarena-211/petfaces/dog_newfoundland/newfoundland_103.jpg,newfoundland,dog,newfoundland,dog_newfoundland,27,1
/Users/mnfom/Projects/cnn-Makarena-211/petfaces/cat_Birman/Birman_112.jpg,Birman,cat,Birman,cat_Birman,2,0
/Users/mnfom/Projects/cnn-Makarena-211/petfaces/dog_english/english_cocker_spaniel_169.jpg,english_cocker_spaniel,dog,english cocker spaniel,dog_english,18,1
/Users/mnfom/Projects/cnn-Makarena-211/petfaces/dog_japanese/japanese_chin_136.jpg,japanese_chin,dog,japanese chin,dog_japanese,23,1
/Users/mnfom/Projects/cnn-Makarena-211/petfaces/cat_Abyssinian/Abyssinian_158.jpg,Abyssinian,cat,Abyssinian,cat_Abyssinian,0,0
/Users/mnfom/Projects/cnn-Makarena-211/petfaces/cat_Birman/Birman_140.jpg,Birman,cat,Birman,cat_Birman,2,0
/Users/mnfom/Projects/cnn-Makarena-211/petfaces/dog_boxer/boxer_152.jpg,boxer,dog,boxer,dog_boxer,16,1
/Users/mnfom/Projects/cnn-Makarena-211/petfaces/cat_Ragdoll/Ragdoll_177.jpg,Ragdoll,cat,Ragdoll,cat_Ragdoll,8,0
/Users/mnfom/Projects/cnn-Makarena-211/petfaces/dog_american/american_bulldog_103.jpg,american_bulldog,dog,american bulldog,dog_american,12,1
/Users/mnfom/Projects/cnn-Makarena-211/petfaces/dog_pug/pug_137.jpg,pug,dog,pug,dog_pug,29,1
/Users/mnfom/Projects/cnn-Makarena-211/petfaces/dog_english/english_setter_12.jpg,english_setter,dog,english setter,dog_english,19,1
/Users/mnfom/Projects/cnn-Makarena-211/petfaces/cat_Birman/Birman_145.jpg,Birman,cat,Birman,cat_Birman,2,0
/Users/mnfom/Projects/cnn-Makarena-211/petfaces/dog_samoyed/samoyed_133.jpg,samoyed,dog,samoyed,dog_samoyed,31,1
/Users/mnfom/Projects/cnn-Makarena-211/petfaces/dog_japanese/japanese_chin_103.jpg,japanese_chin,dog,japanese chin,dog_japanese,23,1
/Users/mnfom/Projects/cnn-Makarena-211/petfaces/dog_pug/pug_174.jpg,pug,dog,pug,dog_pug,29,1
/Users/mnfom/Projects/cnn-Makarena-211/petfaces/cat_Bombay/Bombay_150.jpg,Bombay,cat,Bombay,cat_Bombay,3,0
/Users/mnfom/Projects/cnn-Makarena-211/petfaces/dog_english/english_setter_164.jpg,english_setter,dog,english setter,dog_english,19,1
/Users/mnfom/Projects/cnn-Makarena-211/petfaces/dog_newfoundland/newfoundland_137.jpg,newfoundland,dog,newfoundland,dog_newfoundland,27,1
/Users/mnfom/Projects/cnn-Makarena-211/petfaces/dog_wheaten/wheaten_terrier_132.jpg,wheaten_terrier,dog,wheaten terrier,dog_wheaten,35,1
/Users/mnfom/Projects/cnn-Makarena-211/petfaces/cat_Bombay/Bombay_144.jpg,Bombay,cat,Bombay,cat_Bombay,3,0
/Users/mnfom/Projects/cnn-Makarena-211/petfaces/dog_beagle/beagle_191.jpg,beagle,dog,beagle,dog_beagle,15,1
/Users/mnfom/Projects/cnn-Makarena-211/petfaces/dog_great/great_pyrenees_182.jpg,great_pyrenees,dog,great pyrenees,dog_great,21,1
/Users/mnfom/Projects/cnn-Makarena-211/petfaces/dog_samoyed/samoyed_188.jpg,samoyed,dog,samoyed,dog_samoyed,31,1
/Users/mnfom/Projects/cnn-Makarena-211/petfaces/cat_Persian/Persian_111.jpg,Persian,cat,Persian,cat_Persian,7,0
/Users/mnfom/Projects/cnn-Makarena-211/petfaces/cat_Bombay/Bombay_163.jpg,Bombay,cat,Bombay,cat_Bombay,3,0
/Users/mnfom/Projects/cnn-Makarena-211/petfaces/dog_newfoundland/newfoundland_106.jpg,newfoundland,dog,newfoundland,dog_newfoundland,27,1
/Users/mnfom/Projects/cnn-Makarena-211/petfaces/cat_Sphynx/Sphynx_174.jpg,Sphynx,cat,Sphynx,cat_Sphynx,11,0
/Users/mnfom/Projects/cnn-Makarena-211/petfaces/cat_Russian/Russian_Blue_193.jpg,Russian_Blue,cat,Russian Blue,cat_Russian,9,0
/Users/mnfom/Projects/cnn-Makarena-211/petfaces/dog_japanese/japanese_chin_15.jpg,japanese_chin,dog,japanese chin,dog_japanese,23,1
/Users/mnfom/Projects/cnn-Makarena-211/petfaces/dog_keeshond/keeshond_143.jpg,keeshond,dog,keeshond,dog_keeshond,24,1
/Users/mnfom/Projects/cnn-Makarena-211/petfaces/dog_yorkshire/yorkshire_terrier_113.jpg,yorkshire_terrier,dog,yorkshire terrier,dog_yorkshire,36,1
/Users/mnfom/Projects/cnn-Makarena-211/petfaces/cat_Sphynx/Sphynx_112.jpg,Sphynx,cat,Sphynx,cat_Sphynx,11,0
/Users/mnfom/Projects/cnn-Makarena-211/petfaces/dog_american/american_bulldog_199.jpg,american_bulldog,dog,american bulldog,dog_american,12,1
/Users/mnfom/Projects/cnn-Makarena-211/petfaces/cat_Egyptian/Egyptian_Mau_168.jpg,Egyptian_Mau,cat,Egyptian Mau,cat_Egyptian,5,0
/Users/mnfom/Projects/cnn-Makarena-211/petfaces/dog_leonberger/leonberger_102.jpg,leonberger,dog,leonberger,dog_leonberger,25,1
/Users/mnfom/Projects/cnn-Makarena-211/petfaces/dog_chihuahua/chihuahua_182.jpg,chihuahua,dog,chihuahua,dog_chihuahua,17,1
/Users/mnfom/Projects/cnn-Makarena-211/petfaces/cat_Siamese/Siamese_18.jpg,Siamese,cat,Siamese,cat_Siamese,10,0
/Users/mnfom/Projects/cnn-Makarena-211/petfaces/dog_japanese/japanese_chin_18.jpg,japanese_chin,dog,japanese chin,dog_japanese,23,1
/Users/mnfom/Projects/cnn-Makarena-211/petfaces/cat_Maine/Maine_Coon_17.jpg,Maine_Coon,cat,Maine Coon,cat_Maine,6,0
/Users/mnfom/Projects/cnn-Makarena-211/petfaces/dog_staffordshire/staffordshire_bull_terrier_134.jpg,staffordshire_bull_terrier,dog,staffordshire bull terrier,dog_staffordshire,34,1
/Users/mnfom/Projects/cnn-Makarena-211/petfaces/dog_great/great_pyrenees_165.jpg,great_pyrenees,dog,great pyrenees,dog_great,21,1
/Users/mnfom/Projects/cnn-Makarena-211/petfaces/cat_British/British_Shorthair_165.jpg,British_Shorthair,cat,British Shorthair,cat_British,4,0
/Users/mnfom/Projects/cnn-Makarena-211/petfaces/cat_Bombay/Bombay_172.jpg,Bombay,cat,Bombay,cat_Bombay,3,0
/Users/mnfom/Projects/cnn-Makarena-211/petfaces/dog_pomeranian/pomeranian_165.jpg,pomeranian,dog,pomeranian,dog_pomeranian,28,1
/Users/mnfom/Projects/cnn-Makarena-211/petfaces/dog_boxer/boxer_11.jpg,boxer,dog,boxer,dog_boxer,16,1
/Users/mnfom/Projects/cnn-Makarena-211/petfaces/cat_Russian/Russian_Blue_179.jpg,Russian_Blue,cat,Russian Blue,cat_Russian,9,0
/Users/mnfom/Projects/cnn-Makarena-211/petfaces/dog_yorkshire/yorkshire_terrier_10.jpg,yorkshire_terrier,dog,yorkshire terrier,dog_yorkshire,36,1
/Users/mnfom/Projects/cnn-Makarena-211/petfaces/dog_english/english_setter_153.jpg,english_setter,dog,english setter,dog_english,19,1
/Users/mnfom/Projects/cnn-Makarena-211/petfaces/dog_japanese/japanese_chin_130.jpg,japanese_chin,dog,japanese chin,dog_japanese,23,1
/Users/mnfom/Projects/cnn-Makarena-211/petfaces/dog_english/english_cocker_spaniel_150.jpg,english_cocker_spaniel,dog,english cocker spaniel,dog_english,18,1
/Users/mnfom/Projects/cnn-Makarena-211/petfaces/dog_scottish/scottish_terrier_123.jpg,scottish_terrier,dog,scottish terrier,dog_scottish,32,1
/Users/mnfom/Projects/cnn-Makarena-211/petfaces/dog_keeshond/keeshond_177.jpg,keeshond,dog,keeshond,dog_keeshond,24,1
/Users/mnfom/Projects/cnn-Makarena-211/petfaces/dog_pug/pug_104.jpg,pug,dog,pug,dog_pug,29,1
/Users/mnfom/Projects/cnn-Makarena-211/petfaces/cat_Abyssinian/Abyssinian_125.jpg,Abyssinian,cat,Abyssinian,cat_Abyssinian,0,0
/Users/mnfom/Projects/cnn-Makarena-211/petfaces/dog_staffordshire/staffordshire_bull_terrier_131.jpg,staffordshire_bull_terrier,dog,staffordshire bull terrier,dog_staffordshire,34,1
/Users/mnfom/Projects/cnn-Makarena-211/petfaces/dog_beagle/beagle_105.jpg,beagle,dog,beagle,dog_beagle,15,1
/Users/mnfom/Projects/cnn-Makarena-211/petfaces/dog_staffordshire/staffordshire_bull_terrier_125.jpg,staffordshire_bull_terrier,dog,staffordshire bull terrier,dog_staffordshire,34,1
/Users/mnfom/Projects/cnn-Makarena-211/petfaces/cat_Bengal/Bengal_164.jpg,Bengal,cat,Bengal,cat_Bengal,1,0
/Users/mnfom/Projects/cnn-Makarena-211/petfaces/dog_yorkshire/yorkshire_terrier_134.jpg,yorkshire_terrier,dog,yorkshire terrier,dog_yorkshire,36,1
/Users/mnfom/Projects/cnn-Makarena-211/petfaces/cat_Maine/Maine_Coon_157.jpg,Maine_Coon,cat,Maine Coon,cat_Maine,6,0
/Users/mnfom/Projects/cnn-Makarena-211/petfaces/dog_basset/basset_hound_186.jpg,basset_hound,dog,basset hound,dog_basset,14,1
/Users/mnfom/Projects/cnn-Makarena-211/petfaces/dog_great/great_pyrenees_112.jpg,great_pyrenees,dog,great pyrenees,dog_great,21,1
/Users/mnfom/Projects/cnn-Makarena-211/petfaces/cat_British/British_Shorthair_188.jpg,British_Shorthair,cat,British Shorthair,cat_British,4,0
/Users/mnfom/Projects/cnn-Makarena-211/petfaces/dog_yorkshire/yorkshire_terrier_15.jpg,yorkshire_terrier,dog,yorkshire terrier,dog_yorkshire,36,1
/Users/mnfom/Projects/cnn-Makarena-211/petfaces/cat_Russian/Russian_Blue_156.jpg,Russian_Blue,cat,Russian Blue,cat_Russian,9,0
/Users/mnfom/Projects/cnn-Makarena-211/petfaces/dog_basset/basset_hound_177.jpg,basset_hound,dog,basset hound,dog_basset,14,1
/Users/mnfom/Projects/cnn-Makarena-211/petfaces/cat_Sphynx/Sphynx_157.jpg,Sphynx,cat,Sphynx,cat_Sphynx,11,0
/Users/mnfom/Projects/cnn-Makarena-211/petfaces/dog_great/great_pyrenees_183.jpg,great_pyrenees,dog,great pyrenees,dog_great,21,1
/Users/mnfom/Projects/cnn-Makarena-211/petfaces/dog_english/english_cocker_spaniel_134.jpg,english_cocker_spaniel,dog,english cocker spaniel,dog_english,18,1
/Users/mnfom/Projects/cnn-Makarena-211/petfaces/cat_Maine/Maine_Coon_137.jpg,Maine_Coon,cat,Maine Coon,cat_Maine,6,0
/Users/mnfom/Projects/cnn-Makarena-211/petfaces/dog_miniature/miniature_pinscher_101.jpg,miniature_pinscher,dog,miniature pinscher,dog_miniature,26,1
/Users/mnfom/Projects/cnn-Makarena-211/petfaces/dog_pug/pug_100.jpg,pug,dog,pug,dog_pug,29,1
/Users/mnfom/Projects/cnn-Makarena-211/petfaces/dog_german/german_shorthaired_112.jpg,german_shorthaired,dog,german shorthaired,dog_german,20,1
/Users/mnfom/Projects/cnn-Makarena-211/petfaces/cat_Bengal/Bengal_126.jpg,Bengal,cat,Bengal,cat_Bengal,1,0
/Users/mnfom/Projects/cnn-Makarena-211/petfaces/dog_boxer/boxer_147.jpg,boxer,dog,boxer,dog_boxer,16,1
/Users/mnfom/Projects/cnn-Makarena-211/petfaces/cat_Sphynx/Sphynx_104.jpg,Sphynx,cat,Sphynx,cat_Sphynx,11,0
/Users/mnfom/Projects/cnn-Makarena-211/petfaces/dog_pug/pug_102.jpg,pug,dog,pug,dog_pug,29,1
/Users/mnfom/Projects/cnn-Makarena-211/petfaces/cat_Sphynx/Sphynx_114.jpg,Sphynx,cat,Sphynx,cat_Sphynx,11,0
/Users/mnfom/Projects/cnn-Makarena-211/petfaces/cat_Maine/Maine_Coon_110.jpg,Maine_Coon,cat,Maine Coon,cat_Maine,6,0
/Users/mnfom/Projects/cnn-Makarena-211/petfaces/dog_american/american_bulldog_166.jpg,american_bulldog,dog,american bulldog,dog_american,12,1
/Users/mnfom/Projects/cnn-Makarena-211/petfaces/cat_Bombay/Bombay_19.jpg,Bombay,cat,Bombay,cat_Bombay,3,0
/Users/mnfom/Projects/cnn-Makarena-211/petfaces/cat_Siamese/Siamese_111.jpg,Siamese,cat,Siamese,cat_Siamese,10,0
/Users/mnfom/Projects/cnn-Makarena-211/petfaces/cat_Abyssinian/Abyssinian_115.jpg,Abyssinian,cat,Abyssinian,cat_Abyssinian,0,0
/Users/mnfom/Projects/cnn-Makarena-211/petfaces/cat_Siamese/Siamese_204.jpg,Siamese,cat,Siamese,cat_Siamese,10,0
/Users/mnfom/Projects/cnn-Makarena-211/petfaces/cat_Abyssinian/Abyssinian_155.jpg,Abyssinian,cat,Abyssinian,cat_Abyssinian,0,0
/Users/mnfom/Projects/cnn-Makarena-211/petfaces/dog_wheaten/wheaten_terrier_157.jpg,wheaten_terrier,dog,wheaten terrier,dog_wheaten,35,1
/Users/mnfom/Projects/cnn-Makarena-211/petfaces/cat_Persian/Persian_189.jpg,Persian,cat,Persian,cat_Persian,7,0
/Users/mnfom/Projects/cnn-Makarena-211/petfaces/dog_newfoundland/newfoundland_108.jpg,newfoundland,dog,newfoundland,dog_newfoundland,27,1
/Users/mnfom/Projects/cnn-Makarena-211/petfaces/dog_english/english_cocker_spaniel_161.jpg,english_cocker_spaniel,dog,english cocker spaniel,dog_english,18,1
/Users/mnfom/Projects/cnn-Makarena-211/petfaces/cat_Egyptian/Egyptian_Mau_123.jpg,Egyptian_Mau,cat,Egyptian Mau,cat_Egyptian,5,0
/Users/mnfom/Projects/cnn-Makarena-211/petfaces/dog_chihuahua/chihuahua_143.jpg,chihuahua,dog,chihuahua,dog_chihuahua,17,1
/Users/mnfom/Projects/cnn-Makarena-211/petfaces/cat_Abyssinian/Abyssinian_121.jpg,Abyssinian,cat,Abyssinian,cat_Abyssinian,0,0
/Users/mnfom/Projects/cnn-Makarena-211/petfaces/cat_Sphynx/Sphynx_119.jpg,Sphynx,cat,Sphynx,cat_Sphynx,11,0
/Users/mnfom/Projects/cnn-Makarena-211/petfaces/cat_British/British_Shorthair_129.jpg,British_Shorthair,cat,British Shorthair,cat_British,4,0
/Users/mnfom/Projects/cnn-Makarena-211/petfaces/dog_scottish/scottish_terrier_160.jpg,scottish_terrier,dog,scottish terrier,dog_scottish,32,1
/Users/mnfom/Projects/cnn-Makarena-211/petfaces/dog_saint/saint_bernard_167.jpg,saint_bernard,dog,saint bernard,dog_saint,30,1
/Users/mnfom/Projects/cnn-Makarena-211/petfaces/dog_staffordshire/staffordshire_bull_terrier_141.jpg,staffordshire_bull_terrier,dog,staffordshire bull terrier,dog_staffordshire,34,1
/Users/mnfom/Projects/cnn-Makarena-211/petfaces/dog_wheaten/wheaten_terrier_121.jpg,wheaten_terrier,dog,wheaten terrier,dog_wheaten,35,1
/Users/mnfom/Projects/cnn-Makarena-211/petfaces/cat_Russian/Russian_Blue_111.jpg,Russian_Blue,cat,Russian Blue,cat_Russian,9,0
/Users/mnfom/Projects/cnn-Makarena-211/petfaces/cat_Russian/Russian_Blue_152.jpg,Russian_Blue,cat,Russian Blue,cat_Russian,9,0
/Users/mnfom/Projects/cnn-Makarena-211/petfaces/dog_yorkshire/yorkshire_terrier_109.jpg,yorkshire_terrier,dog,yorkshire terrier,dog_yorkshire,36,1
/Users/mnfom/Projects/cnn-Makarena-211/petfaces/cat_Birman/Birman_160.jpg,Birman,cat,Birman,cat_Birman,2,0
/Users/mnfom/Projects/cnn-Makarena-211/petfaces/cat_Ragdoll/Ragdoll_125.jpg,Ragdoll,cat,Ragdoll,cat_Ragdoll,8,0
/Users/mnfom/Projects/cnn-Makarena-211/petfaces/cat_Egyptian/Egyptian_Mau_16.jpg,Egyptian_Mau,cat,Egyptian Mau,cat_Egyptian,5,0
/Users/mnfom/Projects/cnn-Makarena-211/petfaces/cat_Ragdoll/Ragdoll_115.jpg,Ragdoll,cat,Ragdoll,cat_Ragdoll,8,0
/Users/mnfom/Projects/cnn-Makarena-211/petfaces/dog_german/german_shorthaired_102.jpg,german_shorthaired,dog,german shorthaired,dog_german,20,1
/Users/mnfom/Projects/cnn-Makarena-211/petfaces/dog_chihuahua/chihuahua_13.jpg,chihuahua,dog,chihuahua,dog_chihuahua,17,1
/Users/mnfom/Projects/cnn-Makarena-211/petfaces/dog_great/great_pyrenees_119.jpg,great_pyrenees,dog,great pyrenees,dog_great,21,1
/Users/mnfom/Projects/cnn-Makarena-211/petfaces/dog_basset/basset_hound_18.jpg,basset_hound,dog,basset hound,dog_basset,14,1
/Users/mnfom/Projects/cnn-Makarena-211/petfaces/cat_Maine/Maine_Coon_173.jpg,Maine_Coon,cat,Maine Coon,cat_Maine,6,0
/Users/mnfom/Projects/cnn-Makarena-211/petfaces/cat_Ragdoll/Ragdoll_153.jpg,Ragdoll,cat,Ragdoll,cat_Ragdoll,8,0
/Users/mnfom/Projects/cnn-Makarena-211/petfaces/dog_havanese/havanese_186.jpg,havanese,dog,havanese,dog_havanese,22,1
/Users/mnfom/Projects/cnn-Makarena-211/petfaces/dog_newfoundland/newfoundland_145.jpg,newfoundland,dog,newfoundland,dog_newfoundland,27,1
/Users/mnfom/Projects/cnn-Makarena-211/petfaces/cat_Russian/Russian_Blue_103.jpg,Russian_Blue,cat,Russian Blue,cat_Russian,9,0
/Users/mnfom/Projects/cnn-Makarena-211/petfaces/dog_newfoundland/newfoundland_173.jpg,newfoundland,dog,newfoundland,dog_newfoundland,27,1
/Users/mnfom/Projects/cnn-Makarena-211/petfaces/dog_basset/basset_hound_159.jpg,basset_hound,dog,basset hound,dog_basset,14,1
/Users/mnfom/Projects/cnn-Makarena-211/petfaces/dog_american/american_bulldog_131.jpg,american_bulldog,dog,american bulldog,dog_american,12,1
/Users/mnfom/Projects/cnn-Makarena-211/petfaces/cat_Maine/Maine_Coon_151.jpg,Maine_Coon,cat,Maine Coon,cat_Maine,6,0
/Users/mnfom/Projects/cnn-Makarena-211/petfaces/dog_shiba/shiba_inu_106.jpg,shiba_inu,dog,shiba inu,dog_shiba,33,1
/Users/mnfom/Projects/cnn-Makarena-211/petfaces/dog_american/american_bulldog_144.jpg,american_bulldog,dog,american bulldog,dog_american,12,1
/Users/mnfom/Projects/cnn-Makarena-211/petfaces/dog_saint/saint_bernard_153.jpg,saint_bernard,dog,saint bernard,dog_saint,30,1
/Users/mnfom/Projects/cnn-Makarena-211/petfaces/dog_leonberger/leonberger_115.jpg,leonberger,dog,leonberger,dog_leonberger,25,1
/Users/mnfom/Projects/cnn-Makarena-211/petfaces/dog_chihuahua/chihuahua_124.jpg,chihuahua,dog,chihuahua,dog_chihuahua,17,1
/Users/mnfom/Projects/cnn-Makarena-211/petfaces/cat_Russian/Russian_Blue_117.jpg,Russian_Blue,cat,Russian Blue,cat_Russian,9,0
/Users/mnfom/Projects/cnn-Makarena-211/petfaces/dog_english/english_setter_105.jpg,english_setter,dog,english setter,dog_english,19,1
/Users/mnfom/Projects/cnn-Makarena-211/petfaces/dog_keeshond/keeshond_114.jpg,keeshond,dog,keeshond,dog_keeshond,24,1
/Users/mnfom/Projects/cnn-Makarena-211/petfaces/cat_Siamese/Siamese_152.jpg,Siamese,cat,Siamese,cat_Siamese,10,0
/Users/mnfom/Projects/cnn-Makarena-211/petfaces/dog_beagle/beagle_142.jpg,beagle,dog,beagle,dog_beagle,15,1
/Users/mnfom/Projects/cnn-Makarena-211/petfaces/cat_Persian/Persian_152.jpg,Persian,cat,Persian,cat_Persian,7,0
/Users/mnfom/Projects/cnn-Makarena-211/petfaces/dog_yorkshire/yorkshire_terrier_173.jpg,yorkshire_terrier,dog,yorkshire terrier,dog_yorkshire,36,1
/Users/mnfom/Projects/cnn-Makarena-211/petfaces/dog_yorkshire/yorkshire_terrier_187.jpg,yorkshire_terrier,dog,yorkshire terrier,dog_yorkshire,36,1
/Users/mnfom/Projects/cnn-Makarena-211/petfaces/dog_boxer/boxer_101.jpg,boxer,dog,boxer,dog_boxer,16,1
/Users/mnfom/Projects/cnn-Makarena-211/petfaces/dog_havanese/havanese_157.jpg,havanese,dog,havanese,dog_havanese,22,1
/Users/mnfom/Projects/cnn-Makarena-211/petfaces/cat_Bombay/Bombay_192.jpg,Bombay,cat,Bombay,cat_Bombay,3,0
/Users/mnfom/Projects/cnn-Makarena-211/petfaces/cat_Egyptian/Egyptian_Mau_105.jpg,Egyptian_Mau,cat,Egyptian Mau,cat_Egyptian,5,0
/Users/mnfom/Projects/cnn-Makarena-211/petfaces/dog_great/great_pyrenees_149.jpg,great_pyrenees,dog,great pyrenees,dog_great,21,1
/Users/mnfom/Projects/cnn-Makarena-211/petfaces/dog_english/english_setter_11.jpg,english_setter,dog,english setter,dog_english,19,1
/Users/mnfom/Projects/cnn-Makarena-211/petfaces/cat_Persian/Persian_117.jpg,Persian,cat,Persian,cat_Persian,7,0
/Users/mnfom/Projects/cnn-Makarena-211/petfaces/dog_english/english_setter_145.jpg,english_setter,dog,english setter,dog_english,19,1
/Users/mnfom/Projects/cnn-Makarena-211/petfaces/cat_Birman/Birman_110.jpg,Birman,cat,Birman,cat_Birman,2,0
/Users/mnfom/Projects/cnn-Makarena-211/petfaces/dog_english/english_cocker_spaniel_17.jpg,english_cocker_spaniel,dog,english cocker spaniel,dog_english,18,1
/Users/mnfom/Projects/cnn-Makarena-211/petfaces/dog_samoyed/samoyed_108.jpg,samoyed,dog,samoyed,dog_samoyed,31,1
/Users/mnfom/Projects/cnn-Makarena-211/petfaces/dog_basset/basset_hound_154.jpg,basset_hound,dog,basset hound,dog_basset,14,1
/Users/mnfom/Projects/cnn-Makarena-211/petfaces/cat_Siamese/Siamese_149.jpg,Siamese,cat,Siamese,cat_Siamese,10,0
/Users/mnfom/Projects/cnn-Makarena-211/petfaces/dog_pomeranian/pomeranian_180.jpg,pomeranian,dog,pomeranian,dog_pomeranian,28,1
/Users/mnfom/Projects/cnn-Makarena-211/petfaces/dog_pomeranian/pomeranian_188.jpg,pomeranian,dog,pomeranian,dog_pomeranian,28,1
/Users/mnfom/Projects/cnn-Makarena-211/petfaces/dog_pug/pug_118.jpg,pug,dog,pug,dog_pug,29,1
/Users/mnfom/Projects/cnn-Makarena-211/petfaces/cat_Birman/Birman_149.jpg,Birman,cat,Birman,cat_Birman,2,0
/Users/mnfom/Projects/cnn-Makarena-211/petfaces/dog_saint/saint_bernard_143.jpg,saint_bernard,dog,saint bernard,dog_saint,30,1
/Users/mnfom/Projects/cnn-Makarena-211/petfaces/cat_Persian/Persian_181.jpg,Persian,cat,Persian,cat_Persian,7,0
/Users/mnfom/Projects/cnn-Makarena-211/petfaces/dog_english/english_setter_125.jpg,english_setter,dog,english setter,dog_english,19,1
/Users/mnfom/Projects/cnn-Makarena-211/petfaces/dog_staffordshire/staffordshire_bull_terrier_119.jpg,staffordshire_bull_terrier,dog,staffordshire bull terrier,dog_staffordshire,34,1
/Users/mnfom/Projects/cnn-Makarena-211/petfaces/cat_Sphynx/Sphynx_136.jpg,Sphynx,cat,Sphynx,cat_Sphynx,11,0
/Users/mnfom/Projects/cnn-Makarena-211/petfaces/cat_Bombay/Bombay_151.jpg,Bombay,cat,Bombay,cat_Bombay,3,0
/Users/mnfom/Projects/cnn-Makarena-211/petfaces/cat_Sphynx/Sphynx_142.jpg,Sphynx,cat,Sphynx,cat_Sphynx,11,0
/Users/mnfom/Projects/cnn-Makarena-211/petfaces/dog_staffordshire/staffordshire_bull_terrier_158.jpg,staffordshire_bull_terrier,dog,staffordshire bull terrier,dog_staffordshire,34,1
/Users/mnfom/Projects/cnn-Makarena-211/petfaces/dog_english/english_setter_123.jpg,english_setter,dog,english setter,dog_english,19,1
/Users/mnfom/Projects/cnn-Makarena-211/petfaces/dog_havanese/havanese_167.jpg,havanese,dog,havanese,dog_havanese,22,1
/Users/mnfom/Projects/cnn-Makarena-211/petfaces/dog_havanese/havanese_121.jpg,havanese,dog,havanese,dog_havanese,22,1
/Users/mnfom/Projects/cnn-Makarena-211/petfaces/cat_Ragdoll/Ragdoll_124.jpg,Ragdoll,cat,Ragdoll,cat_Ragdoll,8,0
/Users/mnfom/Projects/cnn-Makarena-211/petfaces/cat_Maine/Maine_Coon_105.jpg,Maine_Coon,cat,Maine Coon,cat_Maine,6,0
/Users/mnfom/Projects/cnn-Makarena-211/petfaces/cat_Egyptian/Egyptian_Mau_181.jpg,Egyptian_Mau,cat,Egyptian Mau,cat_Egyptian,5,0
/Users/mnfom/Projects/cnn-Makarena-211/petfaces/cat_Birman/Birman_165.jpg,Birman,cat,Birman,cat_Birman,2,0
/Users/mnfom/Projects/cnn-Makarena-211/petfaces/cat_British/British_Shorthair_184.jpg,British_Shorthair,cat,British Shorthair,cat_British,4,0
/Users/mnfom/Projects/cnn-Makarena-211/petfaces/dog_chihuahua/chihuahua_172.jpg,chihuahua,dog,chihuahua,dog_chihuahua,17,1
/Users/mnfom/Projects/cnn-Makarena-211/petfaces/cat_British/British_Shorthair_153.jpg,British_Shorthair,cat,British Shorthair,cat_British,4,0
/Users/mnfom/Projects/cnn-Makarena-211/petfaces/cat_Egyptian/Egyptian_Mau_125.jpg,Egyptian_Mau,cat,Egyptian Mau,cat_Egyptian,5,0
/Users/mnfom/Projects/cnn-Makarena-211/petfaces/dog_american/american_pit_bull_terrier_171.jpg,american_pit_bull_terrier,dog,american pit bull terrier,dog_american,13,1
/Users/mnfom/Projects/cnn-Makarena-211/petfaces/dog_newfoundland/newfoundland_149.jpg,newfoundland,dog,newfoundland,dog_newfoundland,27,1
/Users/mnfom/Projects/cnn-Makarena-211/petfaces/dog_yorkshire/yorkshire_terrier_151.jpg,yorkshire_terrier,dog,yorkshire terrier,dog_yorkshire,36,1
/Users/mnfom/Projects/cnn-Makarena-211/petfaces/dog_miniature/miniature_pinscher_177.jpg,miniature_pinscher,dog,miniature pinscher,dog_miniature,26,1
/Users/mnfom/Projects/cnn-Makarena-211/petfaces/cat_Sphynx/Sphynx_159.jpg,Sphynx,cat,Sphynx,cat_Sphynx,11,0
/Users/mnfom/Projects/cnn-Makarena-211/petfaces/dog_yorkshire/yorkshire_terrier_11.jpg,yorkshire_terrier,dog,yorkshire terrier,dog_yorkshire,36,1
/Users/mnfom/Projects/cnn-Makarena-211/petfaces/cat_Ragdoll/Ragdoll_197.jpg,Ragdoll,cat,Ragdoll,cat_Ragdoll,8,0
/Users/mnfom/Projects/cnn-Makarena-211/petfaces/cat_Persian/Persian_133.jpg,Persian,cat,Persian,cat_Persian,7,0
/Users/mnfom/Projects/cnn-Makarena-211/petfaces/dog_english/english_setter_160.jpg,english_setter,dog,english setter,dog_english,19,1
/Users/mnfom/Projects/cnn-Makarena-211/petfaces/dog_wheaten/wheaten_terrier_106.jpg,wheaten_terrier,dog,wheaten terrier,dog_wheaten,35,1
/Users/mnfom/Projects/cnn-Makarena-211/petfaces/dog_japanese/japanese_chin_118.jpg,japanese_chin,dog,japanese chin,dog_japanese,23,1
/Users/mnfom/Projects/cnn-Makarena-211/petfaces/dog_miniature/miniature_pinscher_170.jpg,miniature_pinscher,dog,miniature pinscher,dog_miniature,26,1
/Users/mnfom/Projects/cnn-Makarena-211/petfaces/cat_Bengal/Bengal_115.jpg,Bengal,cat,Bengal,cat_Bengal,1,0
/Users/mnfom/Projects/cnn-Makarena-211/petfaces/cat_Persian/Persian_112.jpg,Persian,cat,Persian,cat_Persian,7,0
/Users/mnfom/Projects/cnn-Makarena-211/petfaces/cat_British/British_Shorthair_174.jpg,British_Shorthair,cat,British Shorthair,cat_British,4,0
/Users/mnfom/Projects/cnn-Makarena-211/petfaces/cat_Persian/Persian_122.jpg,Persian,cat,Persian,cat_Persian,7,0
/Users/mnfom/Projects/cnn-Makarena-211/petfaces/dog_beagle/beagle_100.jpg,beagle,dog,beagle,dog_beagle,15,1
/Users/mnfom/Projects/cnn-Makarena-211/petfaces/cat_Ragdoll/Ragdoll_142.jpg,Ragdoll,cat,Ragdoll,cat_Ragdoll,8,0
/Users/mnfom/Projects/cnn-Makarena-211/petfaces/dog_pomeranian/pomeranian_185.jpg,pomeranian,dog,pomeranian,dog_pomeranian,28,1
/Users/mnfom/Projects/cnn-Makarena-211/petfaces/dog_saint/saint_bernard_139.jpg,saint_bernard,dog,saint bernard,dog_saint,30,1
/Users/mnfom/Projects/cnn-Makarena-211/petfaces/dog_havanese/havanese_112.jpg,havanese,dog,havanese,dog_havanese,22,1
/Users/mnfom/Projects/cnn-Makarena-211/petfaces/dog_saint/saint_bernard_142.jpg,saint_bernard,dog,saint bernard,dog_saint,30,1
/Users/mnfom/Projects/cnn-Makarena-211/petfaces/dog_leonberger/leonberger_161.jpg,leonberger,dog,leonberger,dog_leonberger,25,1
/Users/mnfom/Projects/cnn-Makarena-211/petfaces/dog_shiba/shiba_inu_111.jpg,shiba_inu,dog,shiba inu,dog_shiba,33,1
/Users/mnfom/Projects/cnn-Makarena-211/petfaces/dog_shiba/shiba_inu_142.jpg,shiba_inu,dog,shiba inu,dog_shiba,33,1
/Users/mnfom/Projects/cnn-Makarena-211/petfaces/dog_japanese/japanese_chin_140.jpg,japanese_chin,dog,japanese chin,dog_japanese,23,1
/Users/mnfom/Projects/cnn-Makarena-211/petfaces/dog_pomeranian/pomeranian_189.jpg,pomeranian,dog,pomeranian,dog_pomeranian,28,1
/Users/mnfom/Projects/cnn-Makarena-211/petfaces/dog_english/english_setter_136.jpg,english_setter,dog,english setter,dog_english,19,1
/Users/mnfom/Projects/cnn-Makarena-211/petfaces/dog_great/great_pyrenees_137.jpg,great_pyrenees,dog,great pyrenees,dog_great,21,1
/Users/mnfom/Projects/cnn-Makarena-211/petfaces/dog_boxer/boxer_112.jpg,boxer,dog,boxer,dog_boxer,16,1
/Users/mnfom/Projects/cnn-Makarena-211/petfaces/cat_Persian/Persian_135.jpg,Persian,cat,Persian,cat_Persian,7,0
/Users/mnfom/Projects/cnn-Makarena-211/petfaces/dog_basset/basset_hound_173.jpg,basset_hound,dog,basset hound,dog_basset,14,1
/Users/mnfom/Projects/cnn-Makarena-211/petfaces/dog_staffordshire/staffordshire_bull_terrier_168.jpg,staffordshire_bull_terrier,dog,staffordshire bull terrier,dog_staffordshire,34,1
/Users/mnfom/Projects/cnn-Makarena-211/petfaces/dog_saint/saint_bernard_184.jpg,saint_bernard,dog,saint bernard,dog_saint,30,1
/Users/mnfom/Projects/cnn-Makarena-211/petfaces/dog_chihuahua/chihuahua_147.jpg,chihuahua,dog,chihuahua,dog_chihuahua,17,1
/Users/mnfom/Projects/cnn-Makarena-211/petfaces/dog_wheaten/wheaten_terrier_190.jpg,wheaten_terrier,dog,wheaten terrier,dog_wheaten,35,1
/Users/mnfom/Projects/cnn-Makarena-211/petfaces/dog_havanese/havanese_122.jpg,havanese,dog,havanese,dog_havanese,22,1
/Users/mnfom/Projects/cnn-Makarena-211/petfaces/dog_havanese/havanese_172.jpg,havanese,dog,havanese,dog_havanese,22,1
/Users/mnfom/Projects/cnn-Makarena-211/petfaces/dog_scottish/scottish_terrier_18.jpg,scottish_terrier,dog,scottish terrier,dog_scottish,32,1
/Users/mnfom/Projects/cnn-Makarena-211/petfaces/cat_Egyptian/Egyptian_Mau_179.jpg,Egyptian_Mau,cat,Egyptian Mau,cat_Egyptian,5,0
/Users/mnfom/Projects/cnn-Makarena-211/petfaces/dog_samoyed/samoyed_126.jpg,samoyed,dog,samoyed,dog_samoyed,31,1
/Users/mnfom/Projects/cnn-Makarena-211/petfaces/cat_Ragdoll/Ragdoll_178.jpg,Ragdoll,cat,Ragdoll,cat_Ragdoll,8,0
/Users/mnfom/Projects/cnn-Makarena-211/petfaces/cat_Siamese/Siamese_191.jpg,Siamese,cat,Siamese,cat_Siamese,10,0
/Users/mnfom/Projects/cnn-Makarena-211/petfaces/dog_staffordshire/staffordshire_bull_terrier_160.jpg,staffordshire_bull_terrier,dog,staffordshire bull terrier,dog_staffordshire,34,1
/Users/mnfom/Projects/cnn-Makarena-211/petfaces/dog_keeshond/keeshond_134.jpg,keeshond,dog,keeshond,dog_keeshond,24,1
/Users/mnfom/Projects/cnn-Makarena-211/petfaces/dog_english/english_setter_165.jpg,english_setter,dog,english setter,dog_english,19,1
/Users/mnfom/Projects/cnn-Makarena-211/petfaces/dog_miniature/miniature_pinscher_148.jpg,miniature_pinscher,dog,miniature pinscher,dog_miniature,26,1
/Users/mnfom/Projects/cnn-Makarena-211/petfaces/dog_great/great_pyrenees_11.jpg,great_pyrenees,dog,great pyrenees,dog_great,21,1
/Users/mnfom/Projects/cnn-Makarena-211/petfaces/dog_american/american_pit_bull_terrier_127.jpg,american_pit_bull_terrier,dog,american pit bull terrier,dog_american,13,1
/Users/mnfom/Projects/cnn-Makarena-211/petfaces/dog_miniature/miniature_pinscher_190.jpg,miniature_pinscher,dog,miniature pinscher,dog_miniature,26,1
/Users/mnfom/Projects/cnn-Makarena-211/petfaces/dog_samoyed/samoyed_176.jpg,samoyed,dog,samoyed,dog_samoyed,31,1
/Users/mnfom/Projects/cnn-Makarena-211/petfaces/cat_Ragdoll/Ragdoll_152.jpg,Ragdoll,cat,Ragdoll,cat_Ragdoll,8,0
/Users/mnfom/Projects/cnn-Makarena-211/petfaces/cat_Persian/Persian_169.jpg,Persian,cat,Persian,cat_Persian,7,0
/Users/mnfom/Projects/cnn-Makarena-211/petfaces/dog_japanese/japanese_chin_174.jpg,japanese_chin,dog,japanese chin,dog_japanese,23,1
/Users/mnfom/Projects/cnn-Makarena-211/petfaces/dog_wheaten/wheaten_terrier_113.jpg,wheaten_terrier,dog,wheaten terrier,dog_wheaten,35,1
/Users/mnfom/Projects/cnn-Makarena-211/petfaces/dog_staffordshire/staffordshire_bull_terrier_120.jpg,staffordshire_bull_terrier,dog,staffordshire bull terrier,dog_staffordshire,34,1
/Users/mnfom/Projects/cnn-Makarena-211/petfaces/cat_Persian/Persian_170.jpg,Persian,cat,Persian,cat_Persian,7,0
/Users/mnfom/Projects/cnn-Makarena-211/petfaces/dog_pug/pug_188.jpg,pug,dog,pug,dog_pug,29,1
/Users/mnfom/Projects/cnn-Makarena-211/petfaces/dog_american/american_pit_bull_terrier_121.jpg,american_pit_bull_terrier,dog,american pit bull terrier,dog_american,13,1
/Users/mnfom/Projects/cnn-Makarena-211/petfaces/dog_wheaten/wheaten_terrier_160.jpg,wheaten_terrier,dog,wheaten terrier,dog_wheaten,35,1
/Users/mnfom/Projects/cnn-Makarena-211/petfaces/dog_havanese/havanese_114.jpg,havanese,dog,havanese,dog_havanese,22,1
/Users/mnfom/Projects/cnn-Makarena-211/petfaces/dog_boxer/boxer_166.jpg,boxer,dog,boxer,dog_boxer,16,1
/Users/mnfom/Projects/cnn-Makarena-211/petfaces/dog_great/great_pyrenees_152.jpg,great_pyrenees,dog,great pyrenees,dog_great,21,1
/Users/mnfom/Projects/cnn-Makarena-211/petfaces/cat_Abyssinian/Abyssinian_140.jpg,Abyssinian,cat,Abyssinian,cat_Abyssinian,0,0
/Users/mnfom/Projects/cnn-Makarena-211/petfaces/cat_Ragdoll/Ragdoll_148.jpg,Ragdoll,cat,Ragdoll,cat_Ragdoll,8,0
/Users/mnfom/Projects/cnn-Makarena-211/petfaces/dog_samoyed/samoyed_111.jpg,samoyed,dog,samoyed,dog_samoyed,31,1
/Users/mnfom/Projects/cnn-Makarena-211/petfaces/dog_american/american_pit_bull_terrier_13.jpg,american_pit_bull_terrier,dog,american pit bull terrier,dog_american,13,1
/Users/mnfom/Projects/cnn-Makarena-211/petfaces/dog_newfoundland/newfoundland_158.jpg,newfoundland,dog,newfoundland,dog_newfoundland,27,1
/Users/mnfom/Projects/cnn-Makarena-211/petfaces/cat_Siamese/Siamese_148.jpg,Siamese,cat,Siamese,cat_Siamese,10,0
/Users/mnfom/Projects/cnn-Makarena-211/petfaces/dog_keeshond/keeshond_174.jpg,keeshond,dog,keeshond,dog_keeshond,24,1
/Users/mnfom/Projects/cnn-Makarena-211/petfaces/dog_chihuahua/chihuahua_139.jpg,chihuahua,dog,chihuahua,dog_chihuahua,17,1
/Users/mnfom/Projects/cnn-Makarena-211/petfaces/dog_basset/basset_hound_184.jpg,basset_hound,dog,basset hound,dog_basset,14,1
/Users/mnfom/Projects/cnn-Makarena-211/petfaces/dog_american/american_bulldog_136.jpg,american_bulldog,dog,american bulldog,dog_american,12,1
/Users/mnfom/Projects/cnn-Makarena-211/petfaces/cat_Siamese/Siamese_206.jpg,Siamese,cat,Siamese,cat_Siamese,10,0
/Users/mnfom/Projects/cnn-Makarena-211/petfaces/dog_shiba/shiba_inu_110.jpg,shiba_inu,dog,shiba inu,dog_shiba,33,1
/Users/mnfom/Projects/cnn-Makarena-211/petfaces/dog_basset/basset_hound_107.jpg,basset_hound,dog,basset hound,dog_basset,14,1
/Users/mnfom/Projects/cnn-Makarena-211/petfaces/dog_english/english_setter_167.jpg,english_setter,dog,english setter,dog_english,19,1
/Users/mnfom/Projects/cnn-Makarena-211/petfaces/dog_shiba/shiba_inu_192.jpg,shiba_inu,dog,shiba inu,dog_shiba,33,1
/Users/mnfom/Projects/cnn-Makarena-211/petfaces/dog_staffordshire/staffordshire_bull_terrier_188.jpg,staffordshire_bull_terrier,dog,staffordshire bull terrier,dog_staffordshire,34,1
/Users/mnfom/Projects/cnn-Makarena-211/petfaces/dog_keeshond/keeshond_133.jpg,keeshond,dog,keeshond,dog_keeshond,24,1
/Users/mnfom/Projects/cnn-Makarena-211/petfaces/dog_chihuahua/chihuahua_173.jpg,chihuahua,dog,chihuahua,dog_chihuahua,17,1
/Users/mnfom/Projects/cnn-Makarena-211/petfaces/dog_pomeranian/pomeranian_160.jpg,pomeranian,dog,pomeranian,dog_pomeranian,28,1
/Users/mnfom/Projects/cnn-Makarena-211/petfaces/dog_great/great_pyrenees_157.jpg,great_pyrenees,dog,great pyrenees,dog_great,21,1
/Users/mnfom/Projects/cnn-Makarena-211/petfaces/dog_scottish/scottish_terrier_137.jpg,scottish_terrier,dog,scottish terrier,dog_scottish,32,1
/Users/mnfom/Projects/cnn-Makarena-211/petfaces/cat_Russian/Russian_Blue_145.jpg,Russian_Blue,cat,Russian Blue,cat_Russian,9,0
/Users/mnfom/Projects/cnn-Makarena-211/petfaces/dog_yorkshire/yorkshire_terrier_129.jpg,yorkshire_terrier,dog,yorkshire terrier,dog_yorkshire,36,1
/Users/mnfom/Projects/cnn-Makarena-211/petfaces/dog_basset/basset_hound_168.jpg,basset_hound,dog,basset hound,dog_basset,14,1
/Users/mnfom/Projects/cnn-Makarena-211/petfaces/dog_american/american_pit_bull_terrier_156.jpg,american_pit_bull_terrier,dog,american pit bull terrier,dog_american,13,1
/Users/mnfom/Projects/cnn-Makarena-211/petfaces/cat_Sphynx/Sphynx_102.jpg,Sphynx,cat,Sphynx,cat_Sphynx,11,0
/Users/mnfom/Projects/cnn-Makarena-211/petfaces/dog_american/american_bulldog_104.jpg,american_bulldog,dog,american bulldog,dog_american,12,1
/Users/mnfom/Projects/cnn-Makarena-211/petfaces/dog_newfoundland/newfoundland_112.jpg,newfoundland,dog,newfoundland,dog_newfoundland,27,1
/Users/mnfom/Projects/cnn-Makarena-211/petfaces/dog_pomeranian/pomeranian_156.jpg,pomeranian,dog,pomeranian,dog_pomeranian,28,1
/Users/mnfom/Projects/cnn-Makarena-211/petfaces/dog_staffordshire/staffordshire_bull_terrier_176.jpg,staffordshire_bull_terrier,dog,staffordshire bull terrier,dog_staffordshire,34,1
/Users/mnfom/Projects/cnn-Makarena-211/petfaces/dog_pomeranian/pomeranian_161.jpg,pomeranian,dog,pomeranian,dog_pomeranian,28,1
/Users/mnfom/Projects/cnn-Makarena-211/petfaces/dog_saint/saint_bernard_180.jpg,saint_bernard,dog,saint bernard,dog_saint,30,1
/Users/mnfom/Projects/cnn-Makarena-211/petfaces/dog_american/american_pit_bull_terrier_106.jpg,american_pit_bull_terrier,dog,american pit bull terrier,dog_american,13,1
/Users/mnfom/Projects/cnn-Makarena-211/petfaces/dog_japanese/japanese_chin_13.jpg,japanese_chin,dog,japanese chin,dog_japanese,23,1
/Users/mnfom/Projects/cnn-Makarena-211/petfaces/dog_beagle/beagle_168.jpg,beagle,dog,beagle,dog_beagle,15,1
/Users/mnfom/Projects/cnn-Makarena-211/petfaces/dog_boxer/boxer_109.jpg,boxer,dog,boxer,dog_boxer,16,1
/Users/mnfom/Projects/cnn-Makarena-211/petfaces/dog_yorkshire/yorkshire_terrier_136.jpg,yorkshire_terrier,dog,yorkshire terrier,dog_yorkshire,36,1
/Users/mnfom/Projects/cnn-Makarena-211/petfaces/dog_great/great_pyrenees_153.jpg,great_pyrenees,dog,great pyrenees,dog_great,21,1
/Users/mnfom/Projects/cnn-Makarena-211/petfaces/dog_miniature/miniature_pinscher_150.jpg,miniature_pinscher,dog,miniature pinscher,dog_miniature,26,1
/Users/mnfom/Projects/cnn-Makarena-211/petfaces/dog_american/american_pit_bull_terrier_177.jpg,american_pit_bull_terrier,dog,american pit bull terrier,dog_american,13,1
/Users/mnfom/Projects/cnn-Makarena-211/petfaces/dog_chihuahua/chihuahua_174.jpg,chihuahua,dog,chihuahua,dog_chihuahua,17,1
/Users/mnfom/Projects/cnn-Makarena-211/petfaces/dog_wheaten/wheaten_terrier_144.jpg,wheaten_terrier,dog,wheaten terrier,dog_wheaten,35,1
/Users/mnfom/Projects/cnn-Makarena-211/petfaces/cat_Bombay/Bombay_139.jpg,Bombay,cat,Bombay,cat_Bombay,3,0
/Users/mnfom/Projects/cnn-Makarena-211/petfaces/dog_english/english_cocker_spaniel_12.jpg,english_cocker_spaniel,dog,english cocker spaniel,dog_english,18,1
/Users/mnfom/Projects/cnn-Makarena-211/petfaces/dog_leonberger/leonberger_174.jpg,leonberger,dog,leonberger,dog_leonberger,25,1
/Users/mnfom/Projects/cnn-Makarena-211/petfaces/cat_Bombay/Bombay_126.jpg,Bombay,cat,Bombay,cat_Bombay,3,0
/Users/mnfom/Projects/cnn-Makarena-211/petfaces/dog_beagle/beagle_10.jpg,beagle,dog,beagle,dog_beagle,15,1
/Users/mnfom/Projects/cnn-Makarena-211/petfaces/dog_wheaten/wheaten_terrier_159.jpg,wheaten_terrier,dog,wheaten terrier,dog_wheaten,35,1
/Users/mnfom/Projects/cnn-Makarena-211/petfaces/dog_keeshond/keeshond_157.jpg,keeshond,dog,keeshond,dog_keeshond,24,1
/Users/mnfom/Projects/cnn-Makarena-211/petfaces/dog_american/american_pit_bull_terrier_143.jpg,american_pit_bull_terrier,dog,american pit bull terrier,dog_american,13,1
/Users/mnfom/Projects/cnn-Makarena-211/petfaces/cat_Bengal/Bengal_187.jpg,Bengal,cat,Bengal,cat_Bengal,1,0
/Users/mnfom/Projects/cnn-Makarena-211/petfaces/dog_great/great_pyrenees_111.jpg,great_pyrenees,dog,great pyrenees,dog_great,21,1
/Users/mnfom/Projects/cnn-Makarena-211/petfaces/cat_Egyptian/Egyptian_Mau_108.jpg,Egyptian_Mau,cat,Egyptian Mau,cat_Egyptian,5,0
/Users/mnfom/Projects/cnn-Makarena-211/petfaces/dog_japanese/japanese_chin_110.jpg,japanese_chin,dog,japanese chin,dog_japanese,23,1
/Users/mnfom/Projects/cnn-Makarena-211/petfaces/dog_staffordshire/staffordshire_bull_terrier_103.jpg,staffordshire_bull_terrier,dog,staffordshire bull terrier,dog_staffordshire,34,1
/Users/mnfom/Projects/cnn-Makarena-211/petfaces/cat_Sphynx/Sphynx_138.jpg,Sphynx,cat,Sphynx,cat_Sphynx,11,0
/Users/mnfom/Projects/cnn-Makarena-211/petfaces/dog_chihuahua/chihuahua_151.jpg,chihuahua,dog,chihuahua,dog_chihuahua,17,1
/Users/mnfom/Projects/cnn-Makarena-211/petfaces/cat_British/British_Shorthair_178.jpg,British_Shorthair,cat,British Shorthair,cat_British,4,0
/Users/mnfom/Projects/cnn-Makarena-211/petfaces/dog_yorkshire/yorkshire_terrier_143.jpg,yorkshire_terrier,dog,yorkshire terrier,dog_yorkshire,36,1
/Users/mnfom/Projects/cnn-Makarena-211/petfaces/cat_Birman/Birman_175.jpg,Birman,cat,Birman,cat_Birman,2,0
/Users/mnfom/Projects/cnn-Makarena-211/petfaces/dog_yorkshire/yorkshire_terrier_141.jpg,yorkshire_terrier,dog,yorkshire terrier,dog_yorkshire,36,1
/Users/mnfom/Projects/cnn-Makarena-211/petfaces/dog_leonberger/leonberger_126.jpg,leonberger,dog,leonberger,dog_leonberger,25,1
/Users/mnfom/Projects/cnn-Makarena-211/petfaces/cat_British/British_Shorthair_122.jpg,British_Shorthair,cat,British Shorthair,cat_British,4,0
/Users/mnfom/Projects/cnn-Makarena-211/petfaces/dog_pug/pug_184.jpg,pug,dog,pug,dog_pug,29,1
/Users/mnfom/Projects/cnn-Makarena-211/petfaces/dog_english/english_cocker_spaniel_119.jpg,english_cocker_spaniel,dog,english cocker spaniel,dog_english,18,1
/Users/mnfom/Projects/cnn-Makarena-211/petfaces/dog_american/american_pit_bull_terrier_134.jpg,american_pit_bull_terrier,dog,american pit bull terrier,dog_american,13,1
/Users/mnfom/Projects/cnn-Makarena-211/petfaces/dog_shiba/shiba_inu_19.jpg,shiba_inu,dog,shiba inu,dog_shiba,33,1
/Users/mnfom/Projects/cnn-Makarena-211/petfaces/dog_japanese/japanese_chin_170.jpg,japanese_chin,dog,japanese chin,dog_japanese,23,1
/Users/mnfom/Projects/cnn-Makarena-211/petfaces/dog_miniature/miniature_pinscher_11.jpg,miniature_pinscher,dog,miniature pinscher,dog_miniature,26,1
/Users/mnfom/Projects/cnn-Makarena-211/petfaces/dog_yorkshire/yorkshire_terrier_111.jpg,yorkshire_terrier,dog,yorkshire terrier,dog_yorkshire,36,1
/Users/mnfom/Projects/cnn-Makarena-211/petfaces/cat_Russian/Russian_Blue_116.jpg,Russian_Blue,cat,Russian Blue,cat_Russian,9,0
/Users/mnfom/Projects/cnn-Makarena-211/petfaces/cat_Abyssinian/Abyssinian_193.jpg,Abyssinian,cat,Abyssinian,cat_Abyssinian,0,0
/Users/mnfom/Projects/cnn-Makarena-211/petfaces/dog_japanese/japanese_chin_172.jpg,japanese_chin,dog,japanese chin,dog_japanese,23,1
/Users/mnfom/Projects/cnn-Makarena-211/petfaces/cat_Persian/Persian_184.jpg,Persian,cat,Persian,cat_Persian,7,0
/Users/mnfom/Projects/cnn-Makarena-211/petfaces/cat_Bengal/Bengal_16.jpg,Bengal,cat,Bengal,cat_Bengal,1,0
/Users/mnfom/Projects/cnn-Makarena-211/petfaces/dog_pomeranian/pomeranian_168.jpg,pomeranian,dog,pomeranian,dog_pomeranian,28,1
/Users/mnfom/Projects/cnn-Makarena-211/petfaces/dog_wheaten/wheaten_terrier_107.jpg,wheaten_terrier,dog,wheaten terrier,dog_wheaten,35,1
/Users/mnfom/Projects/cnn-Makarena-211/petfaces/dog_english/english_setter_16.jpg,english_setter,dog,english setter,dog_english,19,1
/Users/mnfom/Projects/cnn-Makarena-211/petfaces/cat_Russian/Russian_Blue_157.jpg,Russian_Blue,cat,Russian Blue,cat_Russian,9,0
/Users/mnfom/Projects/cnn-Makarena-211/petfaces/dog_leonberger/leonberger_147.jpg,leonberger,dog,leonberger,dog_leonberger,25,1
/Users/mnfom/Projects/cnn-Makarena-211/petfaces/dog_german/german_shorthaired_117.jpg,german_shorthaired,dog,german shorthaired,dog_german,20,1
/Users/mnfom/Projects/cnn-Makarena-211/petfaces/dog_english/english_cocker_spaniel_149.jpg,english_cocker_spaniel,dog,english cocker spaniel,dog_english,18,1
/Users/mnfom/Projects/cnn-Makarena-211/petfaces/dog_beagle/beagle_117.jpg,beagle,dog,beagle,dog_beagle,15,1
/Users/mnfom/Projects/cnn-Makarena-211/petfaces/dog_yorkshire/yorkshire_terrier_160.jpg,yorkshire_terrier,dog,yorkshire terrier,dog_yorkshire,36,1
/Users/mnfom/Projects/cnn-Makarena-211/petfaces/dog_chihuahua/chihuahua_136.jpg,chihuahua,dog,chihuahua,dog_chihuahua,17,1
/Users/mnfom/Projects/cnn-Makarena-211/petfaces/dog_saint/saint_bernard_113.jpg,saint_bernard,dog,saint bernard,dog_saint,30,1
/Users/mnfom/Projects/cnn-Makarena-211/petfaces/dog_shiba/shiba_inu_102.jpg,shiba_inu,dog,shiba inu,dog_shiba,33,1
/Users/mnfom/Projects/cnn-Makarena-211/petfaces/cat_Persian/Persian_156.jpg,Persian,cat,Persian,cat_Persian,7,0
/Users/mnfom/Projects/cnn-Makarena-211/petfaces/dog_boxer/boxer_159.jpg,boxer,dog,boxer,dog_boxer,16,1
/Users/mnfom/Projects/cnn-Makarena-211/petfaces/dog_yorkshire/yorkshire_terrier_124.jpg,yorkshire_terrier,dog,yorkshire terrier,dog_yorkshire,36,1
/Users/mnfom/Projects/cnn-Makarena-211/petfaces/dog_scottish/scottish_terrier_129.jpg,scottish_terrier,dog,scottish terrier,dog_scottish,32,1
/Users/mnfom/Projects/cnn-Makarena-211/petfaces/dog_shiba/shiba_inu_199.jpg,shiba_inu,dog,shiba inu,dog_shiba,33,1
/Users/mnfom/Projects/cnn-Makarena-211/petfaces/dog_japanese/japanese_chin_102.jpg,japanese_chin,dog,japanese chin,dog_japanese,23,1
/Users/mnfom/Projects/cnn-Makarena-211/petfaces/dog_english/english_setter_18.jpg,english_setter,dog,english setter,dog_english,19,1
/Users/mnfom/Projects/cnn-Makarena-211/petfaces/cat_Birman/Birman_103.jpg,Birman,cat,Birman,cat_Birman,2,0
/Users/mnfom/Projects/cnn-Makarena-211/petfaces/dog_great/great_pyrenees_16.jpg,great_pyrenees,dog,great pyrenees,dog_great,21,1
/Users/mnfom/Projects/cnn-Makarena-211/petfaces/cat_Sphynx/Sphynx_14.jpg,Sphynx,cat,Sphynx,cat_Sphynx,11,0
/Users/mnfom/Projects/cnn-Makarena-211/petfaces/dog_wheaten/wheaten_terrier_178.jpg,wheaten_terrier,dog,wheaten terrier,dog_wheaten,35,1
/Users/mnfom/Projects/cnn-Makarena-211/petfaces/dog_leonberger/leonberger_110.jpg,leonberger,dog,leonberger,dog_leonberger,25,1
/Users/mnfom/Projects/cnn-Makarena-211/petfaces/dog_staffordshire/staffordshire_bull_terrier_128.jpg,staffordshire_bull_terrier,dog,staffordshire bull terrier,dog_staffordshire,34,1
/Users/mnfom/Projects/cnn-Makarena-211/petfaces/cat_Egyptian/Egyptian_Mau_182.jpg,Egyptian_Mau,cat,Egyptian Mau,cat_Egyptian,5,0
/Users/mnfom/Projects/cnn-Makarena-211/petfaces/cat_British/British_Shorthair_117.jpg,British_Shorthair,cat,British Shorthair,cat_British,4,0
/Users/mnfom/Projects/cnn-Makarena-211/petfaces/dog_pomeranian/pomeranian_163.jpg,pomeranian,dog,pomeranian,dog_pomeranian,28,1
/Users/mnfom/Projects/cnn-Makarena-211/petfaces/dog_beagle/beagle_146.jpg,beagle,dog,beagle,dog_beagle,15,1
/Users/mnfom/Projects/cnn-Makarena-211/petfaces/dog_samoyed/samoyed_139.jpg,samoyed,dog,samoyed,dog_samoyed,31,1
/Users/mnfom/Projects/cnn-Makarena-211/petfaces/dog_german/german_shorthaired_14.jpg,german_shorthaired,dog,german shorthaired,dog_german,20,1
/Users/mnfom/Projects/cnn-Makarena-211/petfaces/dog_english/english_cocker_spaniel_10.jpg,english_cocker_spaniel,dog,english cocker spaniel,dog_english,18,1
/Users/mnfom/Projects/cnn-Makarena-211/petfaces/dog_newfoundland/newfoundland_140.jpg,newfoundland,dog,newfoundland,dog_newfoundland,27,1
/Users/mnfom/Projects/cnn-Makarena-211/petfaces/dog_great/great_pyrenees_131.jpg,great_pyrenees,dog,great pyrenees,dog_great,21,1
/Users/mnfom/Projects/cnn-Makarena-211/petfaces/cat_Egyptian/Egyptian_Mau_15.jpg,Egyptian_Mau,cat,Egyptian Mau,cat_Egyptian,5,0
/Users/mnfom/Projects/cnn-Makarena-211/petfaces/dog_leonberger/leonberger_10.jpg,leonberger,dog,leonberger,dog_leonberger,25,1
/Users/mnfom/Projects/cnn-Makarena-211/petfaces/dog_basset/basset_hound_166.jpg,basset_hound,dog,basset hound,dog_basset,14,1
/Users/mnfom/Projects/cnn-Makarena-211/petfaces/cat_Ragdoll/Ragdoll_176.jpg,Ragdoll,cat,Ragdoll,cat_Ragdoll,8,0
/Users/mnfom/Projects/cnn-Makarena-211/petfaces/cat_Maine/Maine_Coon_136.jpg,Maine_Coon,cat,Maine Coon,cat_Maine,6,0
/Users/mnfom/Projects/cnn-Makarena-211/petfaces/cat_Bombay/Bombay_184.jpg,Bombay,cat,Bombay,cat_Bombay,3,0
/Users/mnfom/Projects/cnn-Makarena-211/petfaces/dog_american/american_bulldog_116.jpg,american_bulldog,dog,american bulldog,dog_american,12,1
/Users/mnfom/Projects/cnn-Makarena-211/petfaces/cat_Sphynx/Sphynx_17.jpg,Sphynx,cat,Sphynx,cat_Sphynx,11,0
/Users/mnfom/Projects/cnn-Makarena-211/petfaces/dog_japanese/japanese_chin_157.jpg,japanese_chin,dog,japanese chin,dog_japanese,23,1
/Users/mnfom/Projects/cnn-Makarena-211/petfaces/dog_newfoundland/newfoundland_139.jpg,newfoundland,dog,newfoundland,dog_newfoundland,27,1
/Users/mnfom/Projects/cnn-Makarena-211/petfaces/dog_german/german_shorthaired_182.jpg,german_shorthaired,dog,german shorthaired,dog_german,20,1
/Users/mnfom/Projects/cnn-Makarena-211/petfaces/dog_havanese/havanese_160.jpg,havanese,dog,havanese,dog_havanese,22,1
/Users/mnfom/Projects/cnn-Makarena-211/petfaces/cat_Birman/Birman_100.jpg,Birman,cat,Birman,cat_Birman,2,0
/Users/mnfom/Projects/cnn-Makarena-211/petfaces/cat_Maine/Maine_Coon_211.jpg,Maine_Coon,cat,Maine Coon,cat_Maine,6,0
/Users/mnfom/Projects/cnn-Makarena-211/petfaces/dog_english/english_setter_178.jpg,english_setter,dog,english setter,dog_english,19,1
/Users/mnfom/Projects/cnn-Makarena-211/petfaces/dog_leonberger/leonberger_127.jpg,leonberger,dog,leonberger,dog_leonberger,25,1
/Users/mnfom/Projects/cnn-Makarena-211/petfaces/dog_wheaten/wheaten_terrier_125.jpg,wheaten_terrier,dog,wheaten terrier,dog_wheaten,35,1
/Users/mnfom/Projects/cnn-Makarena-211/petfaces/dog_chihuahua/chihuahua_141.jpg,chihuahua,dog,chihuahua,dog_chihuahua,17,1
/Users/mnfom/Projects/cnn-Makarena-211/petfaces/dog_great/great_pyrenees_150.jpg,great_pyrenees,dog,great pyrenees,dog_great,21,1
/Users/mnfom/Projects/cnn-Makarena-211/petfaces/dog_shiba/shiba_inu_165.jpg,shiba_inu,dog,shiba inu,dog_shiba,33,1
/Users/mnfom/Projects/cnn-Makarena-211/petfaces/dog_miniature/miniature_pinscher_131.jpg,miniature_pinscher,dog,miniature pinscher,dog_miniature,26,1
/Users/mnfom/Projects/cnn-Makarena-211/petfaces/cat_Bombay/Bombay_16.jpg,Bombay,cat,Bombay,cat_Bombay,3,0
/Users/mnfom/Projects/cnn-Makarena-211/petfaces/dog_keeshond/keeshond_152.jpg,keeshond,dog,keeshond,dog_keeshond,24,1
/Users/mnfom/Projects/cnn-Makarena-211/petfaces/dog_boxer/boxer_155.jpg,boxer,dog,boxer,dog_boxer,16,1
/Users/mnfom/Projects/cnn-Makarena-211/petfaces/cat_Siamese/Siamese_114.jpg,Siamese,cat,Siamese,cat_Siamese,10,0
/Users/mnfom/Projects/cnn-Makarena-211/petfaces/dog_basset/basset_hound_120.jpg,basset_hound,dog,basset hound,dog_basset,14,1
/Users/mnfom/Projects/cnn-Makarena-211/petfaces/cat_Bengal/Bengal_139.jpg,Bengal,cat,Bengal,cat_Bengal,1,0
/Users/mnfom/Projects/cnn-Makarena-211/petfaces/dog_american/american_bulldog_14.jpg,american_bulldog,dog,american bulldog,dog_american,12,1
/Users/mnfom/Projects/cnn-Makarena-211/petfaces/dog_boxer/boxer_169.jpg,boxer,dog,boxer,dog_boxer,16,1
/Users/mnfom/Projects/cnn-Makarena-211/petfaces/cat_Birman/Birman_127.jpg,Birman,cat,Birman,cat_Birman,2,0
/Users/mnfom/Projects/cnn-Makarena-211/petfaces/dog_english/english_setter_112.jpg,english_setter,dog,english setter,dog_english,19,1
/Users/mnfom/Projects/cnn-Makarena-211/petfaces/dog_staffordshire/staffordshire_bull_terrier_132.jpg,staffordshire_bull_terrier,dog,staffordshire bull terrier,dog_staffordshire,34,1
/Users/mnfom/Projects/cnn-Makarena-211/petfaces/cat_Russian/Russian_Blue_180.jpg,Russian_Blue,cat,Russian Blue,cat_Russian,9,0
/Users/mnfom/Projects/cnn-Makarena-211/petfaces/dog_american/american_pit_bull_terrier_153.jpg,american_pit_bull_terrier,dog,american pit bull terrier,dog_american,13,1
/Users/mnfom/Projects/cnn-Makarena-211/petfaces/cat_Sphynx/Sphynx_191.jpg,Sphynx,cat,Sphynx,cat_Sphynx,11,0
/Users/mnfom/Projects/cnn-Makarena-211/petfaces/dog_wheaten/wheaten_terrier_120.jpg,wheaten_terrier,dog,wheaten terrier,dog_wheaten,35,1
/Users/mnfom/Projects/cnn-Makarena-211/petfaces/dog_basset/basset_hound_144.jpg,basset_hound,dog,basset hound,dog_basset,14,1
/Users/mnfom/Projects/cnn-Makarena-211/petfaces/cat_Maine/Maine_Coon_127.jpg,Maine_Coon,cat,Maine Coon,cat_Maine,6,0
/Users/mnfom/Projects/cnn-Makarena-211/petfaces/dog_wheaten/wheaten_terrier_168.jpg,wheaten_terrier,dog,wheaten terrier,dog_wheaten,35,1
/Users/mnfom/Projects/cnn-Makarena-211/petfaces/cat_Bengal/Bengal_114.jpg,Bengal,cat,Bengal,cat_Bengal,1,0
/Users/mnfom/Projects/cnn-Makarena-211/petfaces/cat_Ragdoll/Ragdoll_192.jpg,Ragdoll,cat,Ragdoll,cat_Ragdoll,8,0
/Users/mnfom/Projects/cnn-Makarena-211/petfaces/dog_chihuahua/chihuahua_145.jpg,chihuahua,dog,chihuahua,dog_chihuahua,17,1
/Users/mnfom/Projects/cnn-Makarena-211/petfaces/cat_Maine/Maine_Coon_142.jpg,Maine_Coon,cat,Maine Coon,cat_Maine,6,0
/Users/mnfom/Projects/cnn-Makarena-211/petfaces/cat_Bombay/Bombay_154.jpg,Bombay,cat,Bombay,cat_Bombay,3,0
/Users/mnfom/Projects/cnn-Makarena-211/petfaces/dog_staffordshire/staffordshire_bull_terrier_149.jpg,staffordshire_bull_terrier,dog,staffordshire bull terrier,dog_staffordshire,34,1
/Users/mnfom/Projects/cnn-Makarena-211/petfaces/dog_american/american_pit_bull_terrier_17.jpg,american_pit_bull_terrier,dog,american pit bull terrier,dog_american,13,1
/Users/mnfom/Projects/cnn-Makarena-211/petfaces/dog_havanese/havanese_183.jpg,havanese,dog,havanese,dog_havanese,22,1
/Users/mnfom/Projects/cnn-Makarena-211/petfaces/cat_Bengal/Bengal_169.jpg,Bengal,cat,Bengal,cat_Bengal,1,0
/Users/mnfom/Projects/cnn-Makarena-211/petfaces/dog_english/english_setter_168.jpg,english_setter,dog,english setter,dog_english,19,1
/Users/mnfom/Projects/cnn-Makarena-211/petfaces/dog_wheaten/wheaten_terrier_122.jpg,wheaten_terrier,dog,wheaten terrier,dog_wheaten,35,1
/Users/mnfom/Projects/cnn-Makarena-211/petfaces/dog_wheaten/wheaten_terrier_175.jpg,wheaten_terrier,dog,wheaten terrier,dog_wheaten,35,1
/Users/mnfom/Projects/cnn-Makarena-211/petfaces/cat_British/British_Shorthair_209.jpg,British_Shorthair,cat,British Shorthair,cat_British,4,0
/Users/mnfom/Projects/cnn-Makarena-211/petfaces/cat_Birman/Birman_148.jpg,Birman,cat,Birman,cat_Birman,2,0
/Users/mnfom/Projects/cnn-Makarena-211/petfaces/dog_saint/saint_bernard_160.jpg,saint_bernard,dog,saint bernard,dog_saint,30,1
/Users/mnfom/Projects/cnn-Makarena-211/petfaces/dog_shiba/shiba_inu_143.jpg,shiba_inu,dog,shiba inu,dog_shiba,33,1
/Users/mnfom/Projects/cnn-Makarena-211/petfaces/dog_english/english_cocker_spaniel_15.jpg,english_cocker_spaniel,dog,english cocker spaniel,dog_english,18,1
/Users/mnfom/Projects/cnn-Makarena-211/petfaces/dog_american/american_bulldog_174.jpg,american_bulldog,dog,american bulldog,dog_american,12,1
/Users/mnfom/Projects/cnn-Makarena-211/petfaces/cat_Persian/Persian_193.jpg,Persian,cat,Persian,cat_Persian,7,0
/Users/mnfom/Projects/cnn-Makarena-211/petfaces/cat_Bombay/Bombay_101.jpg,Bombay,cat,Bombay,cat_Bombay,3,0
/Users/mnfom/Projects/cnn-Makarena-211/petfaces/dog_american/american_bulldog_180.jpg,american_bulldog,dog,american bulldog,dog_american,12,1
/Users/mnfom/Projects/cnn-Makarena-211/petfaces/dog_chihuahua/chihuahua_180.jpg,chihuahua,dog,chihuahua,dog_chihuahua,17,1
/Users/mnfom/Projects/cnn-Makarena-211/petfaces/dog_leonberger/leonberger_128.jpg,leonberger,dog,leonberger,dog_leonberger,25,1
/Users/mnfom/Projects/cnn-Makarena-211/petfaces/cat_Maine/Maine_Coon_18.jpg,Maine_Coon,cat,Maine Coon,cat_Maine,6,0
/Users/mnfom/Projects/cnn-Makarena-211/petfaces/dog_staffordshire/staffordshire_bull_terrier_137.jpg,staffordshire_bull_terrier,dog,staffordshire bull terrier,dog_staffordshire,34,1
/Users/mnfom/Projects/cnn-Makarena-211/petfaces/dog_keeshond/keeshond_159.jpg,keeshond,dog,keeshond,dog_keeshond,24,1
/Users/mnfom/Projects/cnn-Makarena-211/petfaces/dog_saint/saint_bernard_112.jpg,saint_bernard,dog,saint bernard,dog_saint,30,1
/Users/mnfom/Projects/cnn-Makarena-211/petfaces/cat_Russian/Russian_Blue_185.jpg,Russian_Blue,cat,Russian Blue,cat_Russian,9,0
/Users/mnfom/Projects/cnn-Makarena-211/petfaces/dog_german/german_shorthaired_132.jpg,german_shorthaired,dog,german shorthaired,dog_german,20,1
/Users/mnfom/Projects/cnn-Makarena-211/petfaces/dog_basset/basset_hound_182.jpg,basset_hound,dog,basset hound,dog_basset,14,1
/Users/mnfom/Projects/cnn-Makarena-211/petfaces/dog_boxer/boxer_110.jpg,boxer,dog,boxer,dog_boxer,16,1
/Users/mnfom/Projects/cnn-Makarena-211/petfaces/cat_Maine/Maine_Coon_184.jpg,Maine_Coon,cat,Maine Coon,cat_Maine,6,0
/Users/mnfom/Projects/cnn-Makarena-211/petfaces/cat_Abyssinian/Abyssinian_138.jpg,Abyssinian,cat,Abyssinian,cat_Abyssinian,0,0
/Users/mnfom/Projects/cnn-Makarena-211/petfaces/dog_pomeranian/pomeranian_153.jpg,pomeranian,dog,pomeranian,dog_pomeranian,28,1
/Users/mnfom/Projects/cnn-Makarena-211/petfaces/cat_Abyssinian/Abyssinian_14.jpg,Abyssinian,cat,Abyssinian,cat_Abyssinian,0,0
/Users/mnfom/Projects/cnn-Makarena-211/petfaces/dog_japanese/japanese_chin_153.jpg,japanese_chin,dog,japanese chin,dog_japanese,23,1
/Users/mnfom/Projects/cnn-Makarena-211/petfaces/cat_Maine/Maine_Coon_168.jpg,Maine_Coon,cat,Maine Coon,cat_Maine,6,0
/Users/mnfom/Projects/cnn-Makarena-211/petfaces/dog_pug/pug_157.jpg,pug,dog,pug,dog_pug,29,1
/Users/mnfom/Projects/cnn-Makarena-211/petfaces/dog_havanese/havanese_132.jpg,havanese,dog,havanese,dog_havanese,22,1
/Users/mnfom/Projects/cnn-Makarena-211/petfaces/dog_samoyed/samoyed_137.jpg,samoyed,dog,samoyed,dog_samoyed,31,1
/Users/mnfom/Projects/cnn-Makarena-211/petfaces/cat_Bengal/Bengal_178.jpg,Bengal,cat,Bengal,cat_Bengal,1,0
/Users/mnfom/Projects/cnn-Makarena-211/petfaces/cat_Bombay/Bombay_164.jpg,Bombay,cat,Bombay,cat_Bombay,3,0
/Users/mnfom/Projects/cnn-Makarena-211/petfaces/dog_american/american_pit_bull_terrier_158.jpg,american_pit_bull_terrier,dog,american pit bull terrier,dog_american,13,1
/Users/mnfom/Projects/cnn-Makarena-211/petfaces/cat_Persian/Persian_194.jpg,Persian,cat,Persian,cat_Persian,7,0
/Users/mnfom/Projects/cnn-Makarena-211/petfaces/cat_Siamese/Siamese_196.jpg,Siamese,cat,Siamese,cat_Siamese,10,0
/Users/mnfom/Projects/cnn-Makarena-211/petfaces/cat_British/British_Shorthair_124.jpg,British_Shorthair,cat,British Shorthair,cat_British,4,0
/Users/mnfom/Projects/cnn-Makarena-211/petfaces/dog_wheaten/wheaten_terrier_119.jpg,wheaten_terrier,dog,wheaten terrier,dog_wheaten,35,1
/Users/mnfom/Projects/cnn-Makarena-211/petfaces/dog_scottish/scottish_terrier_100.jpg,scottish_terrier,dog,scottish terrier,dog_scottish,32,1
/Users/mnfom/Projects/cnn-Makarena-211/petfaces/dog_basset/basset_hound_152.jpg,basset_hound,dog,basset hound,dog_basset,14,1
/Users/mnfom/Projects/cnn-Makarena-211/petfaces/cat_Abyssinian/Abyssinian_101.jpg,Abyssinian,cat,Abyssinian,cat_Abyssinian,0,0
/Users/mnfom/Projects/cnn-Makarena-211/petfaces/dog_great/great_pyrenees_145.jpg,great_pyrenees,dog,great pyrenees,dog_great,21,1
/Users/mnfom/Projects/cnn-Makarena-211/petfaces/cat_Siamese/Siamese_150.jpg,Siamese,cat,Siamese,cat_Siamese,10,0
/Users/mnfom/Projects/cnn-Makarena-211/petfaces/dog_newfoundland/newfoundland_155.jpg,newfoundland,dog,newfoundland,dog_newfoundland,27,1
/Users/mnfom/Projects/cnn-Makarena-211/petfaces/dog_japanese/japanese_chin_119.jpg,japanese_chin,dog,japanese chin,dog_japanese,23,1
/Users/mnfom/Projects/cnn-Makarena-211/petfaces/cat_Sphynx/Sphynx_200.jpg,Sphynx,cat,Sphynx,cat_Sphynx,11,0
/Users/mnfom/Projects/cnn-Makarena-211/petfaces/cat_Bengal/Bengal_108.jpg,Bengal,cat,Bengal,cat_Bengal,1,0
/Users/mnfom/Projects/cnn-Makarena-211/petfaces/cat_Bengal/Bengal_100.jpg,Bengal,cat,Bengal,cat_Bengal,1,0
/Users/mnfom/Projects/cnn-Makarena-211/petfaces/dog_miniature/miniature_pinscher_134.jpg,miniature_pinscher,dog,miniature pinscher,dog_miniature,26,1
/Users/mnfom/Projects/cnn-Makarena-211/petfaces/dog_pug/pug_149.jpg,pug,dog,pug,dog_pug,29,1
/Users/mnfom/Projects/cnn-Makarena-211/petfaces/dog_american/american_pit_bull_terrier_105.jpg,american_pit_bull_terrier,dog,american pit bull terrier,dog_american,13,1
/Users/mnfom/Projects/cnn-Makarena-211/petfaces/dog_havanese/havanese_101.jpg,havanese,dog,havanese,dog_havanese,22,1
/Users/mnfom/Projects/cnn-Makarena-211/petfaces/cat_Siamese/Siamese_167.jpg,Siamese,cat,Siamese,cat_Siamese,10,0
/Users/mnfom/Projects/cnn-Makarena-211/petfaces/cat_Sphynx/Sphynx_194.jpg,Sphynx,cat,Sphynx,cat_Sphynx,11,0
/Users/mnfom/Projects/cnn-Makarena-211/petfaces/dog_havanese/havanese_111.jpg,havanese,dog,havanese,dog_havanese,22,1
/Users/mnfom/Projects/cnn-Makarena-211/petfaces/dog_leonberger/leonberger_143.jpg,leonberger,dog,leonberger,dog_leonberger,25,1
/Users/mnfom/Projects/cnn-Makarena-211/petfaces/dog_havanese/havanese_179.jpg,havanese,dog,havanese,dog_havanese,22,1
/Users/mnfom/Projects/cnn-Makarena-211/petfaces/dog_english/english_cocker_spaniel_146.jpg,english_cocker_spaniel,dog,english cocker spaniel,dog_english,18,1
/Users/mnfom/Projects/cnn-Makarena-211/petfaces/cat_Birman/Birman_172.jpg,Birman,cat,Birman,cat_Birman,2,0
/Users/mnfom/Projects/cnn-Makarena-211/petfaces/dog_staffordshire/staffordshire_bull_terrier_151.jpg,staffordshire_bull_terrier,dog,staffordshire bull terrier,dog_staffordshire,34,1
/Users/mnfom/Projects/cnn-Makarena-211/petfaces/dog_havanese/havanese_141.jpg,havanese,dog,havanese,dog_havanese,22,1
/Users/mnfom/Projects/cnn-Makarena-211/petfaces/dog_samoyed/samoyed_140.jpg,samoyed,dog,samoyed,dog_samoyed,31,1
/Users/mnfom/Projects/cnn-Makarena-211/petfaces/dog_wheaten/wheaten_terrier_127.jpg,wheaten_terrier,dog,wheaten terrier,dog_wheaten,35,1
/Users/mnfom/Projects/cnn-Makarena-211/petfaces/dog_pomeranian/pomeranian_121.jpg,pomeranian,dog,pomeranian,dog_pomeranian,28,1
/Users/mnfom/Projects/cnn-Makarena-211/petfaces/dog_saint/saint_bernard_110.jpg,saint_bernard,dog,saint bernard,dog_saint,30,1
/Users/mnfom/Projects/cnn-Makarena-211/petfaces/dog_havanese/havanese_124.jpg,havanese,dog,havanese,dog_havanese,22,1
/Users/mnfom/Projects/cnn-Makarena-211/petfaces/dog_american/american_bulldog_115.jpg,american_bulldog,dog,american bulldog,dog_american,12,1
/Users/mnfom/Projects/cnn-Makarena-211/petfaces/cat_British/British_Shorthair_168.jpg,British_Shorthair,cat,British Shorthair,cat_British,4,0
/Users/mnfom/Projects/cnn-Makarena-211/petfaces/cat_Russian/Russian_Blue_170.jpg,Russian_Blue,cat,Russian Blue,cat_Russian,9,0
/Users/mnfom/Projects/cnn-Makarena-211/petfaces/cat_Ragdoll/Ragdoll_149.jpg,Ragdoll,cat,Ragdoll,cat_Ragdoll,8,0
/Users/mnfom/Projects/cnn-Makarena-211/petfaces/dog_great/great_pyrenees_124.jpg,great_pyrenees,dog,great pyrenees,dog_great,21,1
/Users/mnfom/Projects/cnn-Makarena-211/petfaces/cat_Siamese/Siamese_205.jpg,Siamese,cat,Siamese,cat_Siamese,10,0
/Users/mnfom/Projects/cnn-Makarena-211/petfaces/dog_english/english_setter_146.jpg,english_setter,dog,english setter,dog_english,19,1
/Users/mnfom/Projects/cnn-Makarena-211/petfaces/dog_miniature/miniature_pinscher_167.jpg,miniature_pinscher,dog,miniature pinscher,dog_miniature,26,1
/Users/mnfom/Projects/cnn-Makarena-211/petfaces/cat_Sphynx/Sphynx_155.jpg,Sphynx,cat,Sphynx,cat_Sphynx,11,0
/Users/mnfom/Projects/cnn-Makarena-211/petfaces/cat_Russian/Russian_Blue_106.jpg,Russian_Blue,cat,Russian Blue,cat_Russian,9,0
/Users/mnfom/Projects/cnn-Makarena-211/petfaces/dog_newfoundland/newfoundland_142.jpg,newfoundland,dog,newfoundland,dog_newfoundland,27,1
/Users/mnfom/Projects/cnn-Makarena-211/petfaces/dog_shiba/shiba_inu_125.jpg,shiba_inu,dog,shiba inu,dog_shiba,33,1
/Users/mnfom/Projects/cnn-Makarena-211/petfaces/dog_english/english_cocker_spaniel_185.jpg,english_cocker_spaniel,dog,english cocker spaniel,dog_english,18,1
/Users/mnfom/Projects/cnn-Makarena-211/petfaces/dog_havanese/havanese_154.jpg,havanese,dog,havanese,dog_havanese,22,1
/Users/mnfom/Projects/cnn-Makarena-211/petfaces/dog_great/great_pyrenees_158.jpg,great_pyrenees,dog,great pyrenees,dog_great,21,1
/Users/mnfom/Projects/cnn-Makarena-211/petfaces/dog_english/english_setter_104.jpg,english_setter,dog,english setter,dog_english,19,1
/Users/mnfom/Projects/cnn-Makarena-211/petfaces/dog_keeshond/keeshond_13.jpg,keeshond,dog,keeshond,dog_keeshond,24,1
/Users/mnfom/Projects/cnn-Makarena-211/petfaces/cat_Ragdoll/Ragdoll_198.jpg,Ragdoll,cat,Ragdoll,cat_Ragdoll,8,0
/Users/mnfom/Projects/cnn-Makarena-211/petfaces/dog_wheaten/wheaten_terrier_179.jpg,wheaten_terrier,dog,wheaten terrier,dog_wheaten,35,1
/Users/mnfom/Projects/cnn-Makarena-211/petfaces/cat_Egyptian/Egyptian_Mau_189.jpg,Egyptian_Mau,cat,Egyptian Mau,cat_Egyptian,5,0
/Users/mnfom/Projects/cnn-Makarena-211/petfaces/dog_english/english_cocker_spaniel_125.jpg,english_cocker_spaniel,dog,english cocker spaniel,dog_english,18,1
/Users/mnfom/Projects/cnn-Makarena-211/petfaces/dog_basset/basset_hound_188.jpg,basset_hound,dog,basset hound,dog_basset,14,1
/Users/mnfom/Projects/cnn-Makarena-211/petfaces/cat_Abyssinian/Abyssinian_161.jpg,Abyssinian,cat,Abyssinian,cat_Abyssinian,0,0
/Users/mnfom/Projects/cnn-Makarena-211/petfaces/dog_chihuahua/chihuahua_189.jpg,chihuahua,dog,chihuahua,dog_chihuahua,17,1
/Users/mnfom/Projects/cnn-Makarena-211/petfaces/cat_Ragdoll/Ragdoll_173.jpg,Ragdoll,cat,Ragdoll,cat_Ragdoll,8,0
/Users/mnfom/Projects/cnn-Makarena-211/petfaces/dog_japanese/japanese_chin_109.jpg,japanese_chin,dog,japanese chin,dog_japanese,23,1
/Users/mnfom/Projects/cnn-Makarena-211/petfaces/dog_beagle/beagle_154.jpg,beagle,dog,beagle,dog_beagle,15,1
/Users/mnfom/Projects/cnn-Makarena-211/petfaces/cat_Russian/Russian_Blue_183.jpg,Russian_Blue,cat,Russian Blue,cat_Russian,9,0
/Users/mnfom/Projects/cnn-Makarena-211/petfaces/dog_saint/saint_bernard_182.jpg,saint_bernard,dog,saint bernard,dog_saint,30,1
/Users/mnfom/Projects/cnn-Makarena-211/petfaces/cat_British/British_Shorthair_169.jpg,British_Shorthair,cat,British Shorthair,cat_British,4,0
/Users/mnfom/Projects/cnn-Makarena-211/petfaces/cat_Ragdoll/Ragdoll_155.jpg,Ragdoll,cat,Ragdoll,cat_Ragdoll,8,0
/Users/mnfom/Projects/cnn-Makarena-211/petfaces/dog_shiba/shiba_inu_179.jpg,shiba_inu,dog,shiba inu,dog_shiba,33,1
/Users/mnfom/Projects/cnn-Makarena-211/petfaces/dog_american/american_pit_bull_terrier_169.jpg,american_pit_bull_terrier,dog,american pit bull terrier,dog_american,13,1
/Users/mnfom/Projects/cnn-Makarena-211/petfaces/dog_saint/saint_bernard_122.jpg,saint_bernard,dog,saint bernard,dog_saint,30,1
/Users/mnfom/Projects/cnn-Makarena-211/petfaces/dog_beagle/beagle_149.jpg,beagle,dog,beagle,dog_beagle,15,1
/Users/mnfom/Projects/cnn-Makarena-211/petfaces/cat_Birman/Birman_162.jpg,Birman,cat,Birman,cat_Birman,2,0
/Users/mnfom/Projects/cnn-Makarena-211/petfaces/dog_shiba/shiba_inu_154.jpg,shiba_inu,dog,shiba inu,dog_shiba,33,1
/Users/mnfom/Projects/cnn-Makarena-211/petfaces/cat_Russian/Russian_Blue_127.jpg,Russian_Blue,cat,Russian Blue,cat_Russian,9,0
/Users/mnfom/Projects/cnn-Makarena-211/petfaces/cat_British/British_Shorthair_201.jpg,British_Shorthair,cat,British Shorthair,cat_British,4,0
/Users/mnfom/Projects/cnn-Makarena-211/petfaces/cat_Abyssinian/Abyssinian_119.jpg,Abyssinian,cat,Abyssinian,cat_Abyssinian,0,0
/Users/mnfom/Projects/cnn-Makarena-211/petfaces/cat_British/British_Shorthair_125.jpg,British_Shorthair,cat,British Shorthair,cat_British,4,0
/Users/mnfom/Projects/cnn-Makarena-211/petfaces/cat_Siamese/Siamese_126.jpg,Siamese,cat,Siamese,cat_Siamese,10,0
/Users/mnfom/Projects/cnn-Makarena-211/petfaces/dog_shiba/shiba_inu_189.jpg,shiba_inu,dog,shiba inu,dog_shiba,33,1
/Users/mnfom/Projects/cnn-Makarena-211/petfaces/dog_great/great_pyrenees_184.jpg,great_pyrenees,dog,great pyrenees,dog_great,21,1
/Users/mnfom/Projects/cnn-Makarena-211/petfaces/cat_Bombay/Bombay_156.jpg,Bombay,cat,Bombay,cat_Bombay,3,0
/Users/mnfom/Projects/cnn-Makarena-211/petfaces/dog_yorkshire/yorkshire_terrier_12.jpg,yorkshire_terrier,dog,yorkshire terrier,dog_yorkshire,36,1
/Users/mnfom/Projects/cnn-Makarena-211/petfaces/dog_leonberger/leonberger_141.jpg,leonberger,dog,leonberger,dog_leonberger,25,1
/Users/mnfom/Projects/cnn-Makarena-211/petfaces/cat_Russian/Russian_Blue_195.jpg,Russian_Blue,cat,Russian Blue,cat_Russian,9,0
/Users/mnfom/Projects/cnn-Makarena-211/petfaces/dog_beagle/beagle_170.jpg,beagle,dog,beagle,dog_beagle,15,1
/Users/mnfom/Projects/cnn-Makarena-211/petfaces/dog_wheaten/wheaten_terrier_185.jpg,wheaten_terrier,dog,wheaten terrier,dog_wheaten,35,1
/Users/mnfom/Projects/cnn-Makarena-211/petfaces/dog_pug/pug_18.jpg,pug,dog,pug,dog_pug,29,1
/Users/mnfom/Projects/cnn-Makarena-211/petfaces/dog_great/great_pyrenees_189.jpg,great_pyrenees,dog,great pyrenees,dog_great,21,1
/Users/mnfom/Projects/cnn-Makarena-211/petfaces/cat_Ragdoll/Ragdoll_121.jpg,Ragdoll,cat,Ragdoll,cat_Ragdoll,8,0
/Users/mnfom/Projects/cnn-Makarena-211/petfaces/dog_shiba/shiba_inu_18.jpg,shiba_inu,dog,shiba inu,dog_shiba,33,1
/Users/mnfom/Projects/cnn-Makarena-211/petfaces/dog_leonberger/leonberger_157.jpg,leonberger,dog,leonberger,dog_leonberger,25,1
/Users/mnfom/Projects/cnn-Makarena-211/petfaces/dog_staffordshire/staffordshire_bull_terrier_1.jpg,staffordshire_bull_terrier,dog,staffordshire bull terrier,dog_staffordshire,34,1
/Users/mnfom/Projects/cnn-Makarena-211/petfaces/dog_wheaten/wheaten_terrier_172.jpg,wheaten_terrier,dog,wheaten terrier,dog_wheaten,35,1
/Users/mnfom/Projects/cnn-Makarena-211/petfaces/dog_english/english_cocker_spaniel_121.jpg,english_cocker_spaniel,dog,english cocker spaniel,dog_english,18,1
/Users/mnfom/Projects/cnn-Makarena-211/petfaces/cat_Siamese/Siamese_137.jpg,Siamese,cat,Siamese,cat_Siamese,10,0
/Users/mnfom/Projects/cnn-Makarena-211/petfaces/cat_Ragdoll/Ragdoll_202.jpg,Ragdoll,cat,Ragdoll,cat_Ragdoll,8,0
/Users/mnfom/Projects/cnn-Makarena-211/petfaces/dog_american/american_pit_bull_terrier_137.jpg,american_pit_bull_terrier,dog,american pit bull terrier,dog_american,13,1
/Users/mnfom/Projects/cnn-Makarena-211/petfaces/dog_english/english_cocker_spaniel_136.jpg,english_cocker_spaniel,dog,english cocker spaniel,dog_english,18,1
/Users/mnfom/Projects/cnn-Makarena-211/petfaces/dog_american/american_pit_bull_terrier_147.jpg,american_pit_bull_terrier,dog,american pit bull terrier,dog_american,13,1
/Users/mnfom/Projects/cnn-Makarena-211/petfaces/dog_chihuahua/chihuahua_188.jpg,chihuahua,dog,chihuahua,dog_chihuahua,17,1
/Users/mnfom/Projects/cnn-Makarena-211/petfaces/cat_Abyssinian/Abyssinian_116.jpg,Abyssinian,cat,Abyssinian,cat_Abyssinian,0,0
/Users/mnfom/Projects/cnn-Makarena-211/petfaces/dog_japanese/japanese_chin_159.jpg,japanese_chin,dog,japanese chin,dog_japanese,23,1
/Users/mnfom/Projects/cnn-Makarena-211/petfaces/dog_staffordshire/staffordshire_bull_terrier_100.jpg,staffordshire_bull_terrier,dog,staffordshire bull terrier,dog_staffordshire,34,1
/Users/mnfom/Projects/cnn-Makarena-211/petfaces/dog_german/german_shorthaired_140.jpg,german_shorthaired,dog,german shorthaired,dog_german,20,1
/Users/mnfom/Projects/cnn-Makarena-211/petfaces/dog_great/great_pyrenees_102.jpg,great_pyrenees,dog,great pyrenees,dog_great,21,1
/Users/mnfom/Projects/cnn-Makarena-211/petfaces/dog_german/german_shorthaired_166.jpg,german_shorthaired,dog,german shorthaired,dog_german,20,1
/Users/mnfom/Projects/cnn-Makarena-211/petfaces/cat_Bengal/Bengal_106.jpg,Bengal,cat,Bengal,cat_Bengal,1,0
/Users/mnfom/Projects/cnn-Makarena-211/petfaces/dog_basset/basset_hound_118.jpg,basset_hound,dog,basset hound,dog_basset,14,1
/Users/mnfom/Projects/cnn-Makarena-211/petfaces/dog_english/english_cocker_spaniel_127.jpg,english_cocker_spaniel,dog,english cocker spaniel,dog_english,18,1
/Users/mnfom/Projects/cnn-Makarena-211/petfaces/dog_miniature/miniature_pinscher_164.jpg,miniature_pinscher,dog,miniature pinscher,dog_miniature,26,1
/Users/mnfom/Projects/cnn-Makarena-211/petfaces/dog_english/english_cocker_spaniel_170.jpg,english_cocker_spaniel,dog,english cocker spaniel,dog_english,18,1
/Users/mnfom/Projects/cnn-Makarena-211/petfaces/dog_leonberger/leonberger_132.jpg,leonberger,dog,leonberger,dog_leonberger,25,1
/Users/mnfom/Projects/cnn-Makarena-211/petfaces/cat_Abyssinian/Abyssinian_111.jpg,Abyssinian,cat,Abyssinian,cat_Abyssinian,0,0
/Users/mnfom/Projects/cnn-Makarena-211/petfaces/dog_american/american_bulldog_146.jpg,american_bulldog,dog,american bulldog,dog_american,12,1
/Users/mnfom/Projects/cnn-Makarena-211/petfaces/dog_boxer/boxer_174.jpg,boxer,dog,boxer,dog_boxer,16,1
/Users/mnfom/Projects/cnn-Makarena-211/petfaces/dog_american/american_bulldog_10.jpg,american_bulldog,dog,american bulldog,dog_american,12,1
/Users/mnfom/Projects/cnn-Makarena-211/petfaces/dog_shiba/shiba_inu_139.jpg,shiba_inu,dog,shiba inu,dog_shiba,33,1
/Users/mnfom/Projects/cnn-Makarena-211/petfaces/dog_staffordshire/staffordshire_bull_terrier_155.jpg,staffordshire_bull_terrier,dog,staffordshire bull terrier,dog_staffordshire,34,1
/Users/mnfom/Projects/cnn-Makarena-211/petfaces/dog_samoyed/samoyed_146.jpg,samoyed,dog,samoyed,dog_samoyed,31,1
/Users/mnfom/Projects/cnn-Makarena-211/petfaces/cat_Abyssinian/Abyssinian_160.jpg,Abyssinian,cat,Abyssinian,cat_Abyssinian,0,0
/Users/mnfom/Projects/cnn-Makarena-211/petfaces/cat_Sphynx/Sphynx_197.jpg,Sphynx,cat,Sphynx,cat_Sphynx,11,0
/Users/mnfom/Projects/cnn-Makarena-211/petfaces/dog_wheaten/wheaten_terrier_118.jpg,wheaten_terrier,dog,wheaten terrier,dog_wheaten,35,1
/Users/mnfom/Projects/cnn-Makarena-211/petfaces/cat_British/British_Shorthair_15.jpg,British_Shorthair,cat,British Shorthair,cat_British,4,0
/Users/mnfom/Projects/cnn-Makarena-211/petfaces/dog_great/great_pyrenees_123.jpg,great_pyrenees,dog,great pyrenees,dog_great,21,1
/Users/mnfom/Projects/cnn-Makarena-211/petfaces/cat_Bombay/Bombay_135.jpg,Bombay,cat,Bombay,cat_Bombay,3,0
/Users/mnfom/Projects/cnn-Makarena-211/petfaces/dog_wheaten/wheaten_terrier_142.jpg,wheaten_terrier,dog,wheaten terrier,dog_wheaten,35,1
/Users/mnfom/Projects/cnn-Makarena-211/petfaces/dog_newfoundland/newfoundland_105.jpg,newfoundland,dog,newfoundland,dog_newfoundland,27,1
/Users/mnfom/Projects/cnn-Makarena-211/petfaces/dog_pug/pug_150.jpg,pug,dog,pug,dog_pug,29,1
/Users/mnfom/Projects/cnn-Makarena-211/petfaces/dog_american/american_pit_bull_terrier_108.jpg,american_pit_bull_terrier,dog,american pit bull terrier,dog_american,13,1
/Users/mnfom/Projects/cnn-Makarena-211/petfaces/dog_miniature/miniature_pinscher_182.jpg,miniature_pinscher,dog,miniature pinscher,dog_miniature,26,1
/Users/mnfom/Projects/cnn-Makarena-211/petfaces/dog_japanese/japanese_chin_163.jpg,japanese_chin,dog,japanese chin,dog_japanese,23,1
/Users/mnfom/Projects/cnn-Makarena-211/petfaces/cat_Persian/Persian_140.jpg,Persian,cat,Persian,cat_Persian,7,0
/Users/mnfom/Projects/cnn-Makarena-211/petfaces/cat_Maine/Maine_Coon_205.jpg,Maine_Coon,cat,Maine Coon,cat_Maine,6,0
/Users/mnfom/Projects/cnn-Makarena-211/petfaces/cat_Egyptian/Egyptian_Mau_136.jpg,Egyptian_Mau,cat,Egyptian Mau,cat_Egyptian,5,0
/Users/mnfom/Projects/cnn-Makarena-211/petfaces/cat_Birman/Birman_173.jpg,Birman,cat,Birman,cat_Birman,2,0
/Users/mnfom/Projects/cnn-Makarena-211/petfaces/cat_Siamese/Siamese_178.jpg,Siamese,cat,Siamese,cat_Siamese,10,0
/Users/mnfom/Projects/cnn-Makarena-211/petfaces/dog_american/american_pit_bull_terrier_155.jpg,american_pit_bull_terrier,dog,american pit bull terrier,dog_american,13,1
/Users/mnfom/Projects/cnn-Makarena-211/petfaces/dog_newfoundland/newfoundland_133.jpg,newfoundland,dog,newfoundland,dog_newfoundland,27,1
/Users/mnfom/Projects/cnn-Makarena-211/petfaces/cat_Ragdoll/Ragdoll_159.jpg,Ragdoll,cat,Ragdoll,cat_Ragdoll,8,0
/Users/mnfom/Projects/cnn-Makarena-211/petfaces/cat_Persian/Persian_103.jpg,Persian,cat,Persian,cat_Persian,7,0
/Users/mnfom/Projects/cnn-Makarena-211/petfaces/dog_wheaten/wheaten_terrier_169.jpg,wheaten_terrier,dog,wheaten terrier,dog_wheaten,35,1
/Users/mnfom/Projects/cnn-Makarena-211/petfaces/cat_Siamese/Siamese_164.jpg,Siamese,cat,Siamese,cat_Siamese,10,0
/Users/mnfom/Projects/cnn-Makarena-211/petfaces/dog_havanese/havanese_150.jpg,havanese,dog,havanese,dog_havanese,22,1
/Users/mnfom/Projects/cnn-Makarena-211/petfaces/cat_Russian/Russian_Blue_123.jpg,Russian_Blue,cat,Russian Blue,cat_Russian,9,0
/Users/mnfom/Projects/cnn-Makarena-211/petfaces/cat_Bombay/Bombay_143.jpg,Bombay,cat,Bombay,cat_Bombay,3,0
/Users/mnfom/Projects/cnn-Makarena-211/petfaces/dog_pomeranian/pomeranian_140.jpg,pomeranian,dog,pomeranian,dog_pomeranian,28,1
/Users/mnfom/Projects/cnn-Makarena-211/petfaces/cat_Russian/Russian_Blue_114.jpg,Russian_Blue,cat,Russian Blue,cat_Russian,9,0
/Users/mnfom/Projects/cnn-Makarena-211/petfaces/dog_newfoundland/newfoundland_146.jpg,newfoundland,dog,newfoundland,dog_newfoundland,27,1
/Users/mnfom/Projects/cnn-Makarena-211/petfaces/dog_pug/pug_130.jpg,pug,dog,pug,dog_pug,29,1
/Users/mnfom/Projects/cnn-Makarena-211/petfaces/dog_havanese/havanese_14.jpg,havanese,dog,havanese,dog_havanese,22,1
/Users/mnfom/Projects/cnn-Makarena-211/petfaces/dog_staffordshire/staffordshire_bull_terrier_116.jpg,staffordshire_bull_terrier,dog,staffordshire bull terrier,dog_staffordshire,34,1
/Users/mnfom/Projects/cnn-Makarena-211/petfaces/dog_great/great_pyrenees_103.jpg,great_pyrenees,dog,great pyrenees,dog_great,21,1
/Users/mnfom/Projects/cnn-Makarena-211/petfaces/dog_german/german_shorthaired_138.jpg,german_shorthaired,dog,german shorthaired,dog_german,20,1
/Users/mnfom/Projects/cnn-Makarena-211/petfaces/dog_basset/basset_hound_175.jpg,basset_hound,dog,basset hound,dog_basset,14,1
/Users/mnfom/Projects/cnn-Makarena-211/petfaces/dog_havanese/havanese_103.jpg,havanese,dog,havanese,dog_havanese,22,1
/Users/mnfom/Projects/cnn-Makarena-211/petfaces/cat_Abyssinian/Abyssinian_132.jpg,Abyssinian,cat,Abyssinian,cat_Abyssinian,0,0
/Users/mnfom/Projects/cnn-Makarena-211/petfaces/cat_Abyssinian/Abyssinian_123.jpg,Abyssinian,cat,Abyssinian,cat_Abyssinian,0,0
/Users/mnfom/Projects/cnn-Makarena-211/petfaces/dog_japanese/japanese_chin_183.jpg,japanese_chin,dog,japanese chin,dog_japanese,23,1
/Users/mnfom/Projects/cnn-Makarena-211/petfaces/cat_Bengal/Bengal_17.jpg,Bengal,cat,Bengal,cat_Bengal,1,0
/Users/mnfom/Projects/cnn-Makarena-211/petfaces/cat_Ragdoll/Ragdoll_117.jpg,Ragdoll,cat,Ragdoll,cat_Ragdoll,8,0
/Users/mnfom/Projects/cnn-Makarena-211/petfaces/dog_english/english_cocker_spaniel_159.jpg,english_cocker_spaniel,dog,english cocker spaniel,dog_english,18,1
/Users/mnfom/Projects/cnn-Makarena-211/petfaces/dog_saint/saint_bernard_186.jpg,saint_bernard,dog,saint bernard,dog_saint,30,1
/Users/mnfom/Projects/cnn-Makarena-211/petfaces/cat_Abyssinian/Abyssinian_108.jpg,Abyssinian,cat,Abyssinian,cat_Abyssinian,0,0
/Users/mnfom/Projects/cnn-Makarena-211/petfaces/dog_yorkshire/yorkshire_terrier_126.jpg,yorkshire_terrier,dog,yorkshire terrier,dog_yorkshire,36,1
/Users/mnfom/Projects/cnn-Makarena-211/petfaces/dog_keeshond/keeshond_190.jpg,keeshond,dog,keeshond,dog_keeshond,24,1
/Users/mnfom/Projects/cnn-Makarena-211/petfaces/cat_Birman/Birman_11.jpg,Birman,cat,Birman,cat_Birman,2,0
/Users/mnfom/Projects/cnn-Makarena-211/petfaces/dog_pomeranian/pomeranian_112.jpg,pomeranian,dog,pomeranian,dog_pomeranian,28,1
/Users/mnfom/Projects/cnn-Makarena-211/petfaces/cat_Russian/Russian_Blue_100.jpg,Russian_Blue,cat,Russian Blue,cat_Russian,9,0
/Users/mnfom/Projects/cnn-Makarena-211/petfaces/dog_staffordshire/staffordshire_bull_terrier_174.jpg,staffordshire_bull_terrier,dog,staffordshire bull terrier,dog_staffordshire,34,1
/Users/mnfom/Projects/cnn-Makarena-211/petfaces/cat_Ragdoll/Ragdoll_180.jpg,Ragdoll,cat,Ragdoll,cat_Ragdoll,8,0
/Users/mnfom/Projects/cnn-Makarena-211/petfaces/dog_yorkshire/yorkshire_terrier_138.jpg,yorkshire_terrier,dog,yorkshire terrier,dog_yorkshire,36,1
/Users/mnfom/Projects/cnn-Makarena-211/petfaces/dog_beagle/beagle_179.jpg,beagle,dog,beagle,dog_beagle,15,1
/Users/mnfom/Projects/cnn-Makarena-211/petfaces/dog_english/english_cocker_spaniel_155.jpg,english_cocker_spaniel,dog,english cocker spaniel,dog_english,18,1
/Users/mnfom/Projects/cnn-Makarena-211/petfaces/dog_english/english_cocker_spaniel_122.jpg,english_cocker_spaniel,dog,english cocker spaniel,dog_english,18,1
/Users/mnfom/Projects/cnn-Makarena-211/petfaces/dog_american/american_bulldog_193.jpg,american_bulldog,dog,american bulldog,dog_american,12,1
/Users/mnfom/Projects/cnn-Makarena-211/petfaces/dog_newfoundland/newfoundland_124.jpg,newfoundland,dog,newfoundland,dog_newfoundland,27,1
/Users/mnfom/Projects/cnn-Makarena-211/petfaces/dog_english/english_cocker_spaniel_117.jpg,english_cocker_spaniel,dog,english cocker spaniel,dog_english,18,1
/Users/mnfom/Projects/cnn-Makarena-211/petfaces/dog_great/great_pyrenees_159.jpg,great_pyrenees,dog,great pyrenees,dog_great,21,1
/Users/mnfom/Projects/cnn-Makarena-211/petfaces/dog_american/american_bulldog_149.jpg,american_bulldog,dog,american bulldog,dog_american,12,1
/Users/mnfom/Projects/cnn-Makarena-211/petfaces/dog_great/great_pyrenees_177.jpg,great_pyrenees,dog,great pyrenees,dog_great,21,1
/Users/mnfom/Projects/cnn-Makarena-211/petfaces/cat_Sphynx/Sphynx_127.jpg,Sphynx,cat,Sphynx,cat_Sphynx,11,0
/Users/mnfom/Projects/cnn-Makarena-211/petfaces/cat_Russian/Russian_Blue_108.jpg,Russian_Blue,cat,Russian Blue,cat_Russian,9,0
/Users/mnfom/Projects/cnn-Makarena-211/petfaces/dog_great/great_pyrenees_148.jpg,great_pyrenees,dog,great pyrenees,dog_great,21,1
/Users/mnfom/Projects/cnn-Makarena-211/petfaces/dog_chihuahua/chihuahua_123.jpg,chihuahua,dog,chihuahua,dog_chihuahua,17,1
/Users/mnfom/Projects/cnn-Makarena-211/petfaces/cat_Bengal/Bengal_150.jpg,Bengal,cat,Bengal,cat_Bengal,1,0
/Users/mnfom/Projects/cnn-Makarena-211/petfaces/cat_Persian/Persian_163.jpg,Persian,cat,Persian,cat_Persian,7,0
/Users/mnfom/Projects/cnn-Makarena-211/petfaces/dog_scottish/scottish_terrier_126.jpg,scottish_terrier,dog,scottish terrier,dog_scottish,32,1
/Users/mnfom/Projects/cnn-Makarena-211/petfaces/cat_Bombay/Bombay_189.jpg,Bombay,cat,Bombay,cat_Bombay,3,0
/Users/mnfom/Projects/cnn-Makarena-211/petfaces/dog_pomeranian/pomeranian_155.jpg,pomeranian,dog,pomeranian,dog_pomeranian,28,1
/Users/mnfom/Projects/cnn-Makarena-211/petfaces/cat_British/British_Shorthair_127.jpg,British_Shorthair,cat,British Shorthair,cat_British,4,0
/Users/mnfom/Projects/cnn-Makarena-211/petfaces/cat_Ragdoll/Ragdoll_130.jpg,Ragdoll,cat,Ragdoll,cat_Ragdoll,8,0
/Users/mnfom/Projects/cnn-Makarena-211/petfaces/cat_Persian/Persian_159.jpg,Persian,cat,Persian,cat_Persian,7,0
/Users/mnfom/Projects/cnn-Makarena-211/petfaces/cat_British/British_Shorthair_197.jpg,British_Shorthair,cat,British Shorthair,cat_British,4,0
/Users/mnfom/Projects/cnn-Makarena-211/petfaces/cat_Siamese/Siamese_106.jpg,Siamese,cat,Siamese,cat_Siamese,10,0
/Users/mnfom/Projects/cnn-Makarena-211/petfaces/dog_saint/saint_bernard_140.jpg,saint_bernard,dog,saint bernard,dog_saint,30,1
/Users/mnfom/Projects/cnn-Makarena-211/petfaces/dog_american/american_bulldog_140.jpg,american_bulldog,dog,american bulldog,dog_american,12,1
/Users/mnfom/Projects/cnn-Makarena-211/petfaces/dog_newfoundland/newfoundland_169.jpg,newfoundland,dog,newfoundland,dog_newfoundland,27,1
/Users/mnfom/Projects/cnn-Makarena-211/petfaces/dog_chihuahua/chihuahua_132.jpg,chihuahua,dog,chihuahua,dog_chihuahua,17,1
/Users/mnfom/Projects/cnn-Makarena-211/petfaces/dog_basset/basset_hound_109.jpg,basset_hound,dog,basset hound,dog_basset,14,1
/Users/mnfom/Projects/cnn-Makarena-211/petfaces/dog_pomeranian/pomeranian_190.jpg,pomeranian,dog,pomeranian,dog_pomeranian,28,1
/Users/mnfom/Projects/cnn-Makarena-211/petfaces/dog_great/great_pyrenees_173.jpg,great_pyrenees,dog,great pyrenees,dog_great,21,1
/Users/mnfom/Projects/cnn-Makarena-211/petfaces/dog_american/american_pit_bull_terrier_170.jpg,american_pit_bull_terrier,dog,american pit bull terrier,dog_american,13,1
/Users/mnfom/Projects/cnn-Makarena-211/petfaces/dog_pug/pug_171.jpg,pug,dog,pug,dog_pug,29,1
/Users/mnfom/Projects/cnn-Makarena-211/petfaces/dog_keeshond/keeshond_107.jpg,keeshond,dog,keeshond,dog_keeshond,24,1
/Users/mnfom/Projects/cnn-Makarena-211/petfaces/dog_pug/pug_181.jpg,pug,dog,pug,dog_pug,29,1
/Users/mnfom/Projects/cnn-Makarena-211/petfaces/cat_Maine/Maine_Coon_119.jpg,Maine_Coon,cat,Maine Coon,cat_Maine,6,0
/Users/mnfom/Projects/cnn-Makarena-211/petfaces/dog_shiba/shiba_inu_109.jpg,shiba_inu,dog,shiba inu,dog_shiba,33,1
/Users/mnfom/Projects/cnn-Makarena-211/petfaces/cat_Sphynx/Sphynx_175.jpg,Sphynx,cat,Sphynx,cat_Sphynx,11,0
/Users/mnfom/Projects/cnn-Makarena-211/petfaces/dog_staffordshire/staffordshire_bull_terrier_102.jpg,staffordshire_bull_terrier,dog,staffordshire bull terrier,dog_staffordshire,34,1
/Users/mnfom/Projects/cnn-Makarena-211/petfaces/cat_Siamese/Siamese_202.jpg,Siamese,cat,Siamese,cat_Siamese,10,0
/Users/mnfom/Projects/cnn-Makarena-211/petfaces/dog_samoyed/samoyed_157.jpg,samoyed,dog,samoyed,dog_samoyed,31,1
/Users/mnfom/Projects/cnn-Makarena-211/petfaces/cat_Russian/Russian_Blue_135.jpg,Russian_Blue,cat,Russian Blue,cat_Russian,9,0
/Users/mnfom/Projects/cnn-Makarena-211/petfaces/dog_basset/basset_hound_132.jpg,basset_hound,dog,basset hound,dog_basset,14,1
/Users/mnfom/Projects/cnn-Makarena-211/petfaces/cat_Ragdoll/Ragdoll_132.jpg,Ragdoll,cat,Ragdoll,cat_Ragdoll,8,0
/Users/mnfom/Projects/cnn-Makarena-211/petfaces/dog_leonberger/leonberger_13.jpg,leonberger,dog,leonberger,dog_leonberger,25,1
/Users/mnfom/Projects/cnn-Makarena-211/petfaces/dog_beagle/beagle_167.jpg,beagle,dog,beagle,dog_beagle,15,1
/Users/mnfom/Projects/cnn-Makarena-211/petfaces/dog_saint/saint_bernard_172.jpg,saint_bernard,dog,saint bernard,dog_saint,30,1
/Users/mnfom/Projects/cnn-Makarena-211/petfaces/cat_Birman/Birman_106.jpg,Birman,cat,Birman,cat_Birman,2,0
/Users/mnfom/Projects/cnn-Makarena-211/petfaces/dog_havanese/havanese_184.jpg,havanese,dog,havanese,dog_havanese,22,1
/Users/mnfom/Projects/cnn-Makarena-211/petfaces/dog_english/english_setter_175.jpg,english_setter,dog,english setter,dog_english,19,1
/Users/mnfom/Projects/cnn-Makarena-211/petfaces/dog_english/english_setter_10.jpg,english_setter,dog,english setter,dog_english,19,1
/Users/mnfom/Projects/cnn-Makarena-211/petfaces/dog_german/german_shorthaired_180.jpg,german_shorthaired,dog,german shorthaired,dog_german,20,1
/Users/mnfom/Projects/cnn-Makarena-211/petfaces/dog_leonberger/leonberger_138.jpg,leonberger,dog,leonberger,dog_leonberger,25,1
/Users/mnfom/Projects/cnn-Makarena-211/petfaces/dog_shiba/shiba_inu_182.jpg,shiba_inu,dog,shiba inu,dog_shiba,33,1
/Users/mnfom/Projects/cnn-Makarena-211/petfaces/cat_British/British_Shorthair_106.jpg,British_Shorthair,cat,British Shorthair,cat_British,4,0
/Users/mnfom/Projects/cnn-Makarena-211/petfaces/dog_english/english_cocker_spaniel_112.jpg,english_cocker_spaniel,dog,english cocker spaniel,dog_english,18,1
/Users/mnfom/Projects/cnn-Makarena-211/petfaces/cat_Bombay/Bombay_194.jpg,Bombay,cat,Bombay,cat_Bombay,3,0
/Users/mnfom/Projects/cnn-Makarena-211/petfaces/dog_havanese/havanese_13.jpg,havanese,dog,havanese,dog_havanese,22,1
/Users/mnfom/Projects/cnn-Makarena-211/petfaces/cat_Bengal/Bengal_10.jpg,Bengal,cat,Bengal,cat_Bengal,1,0
/Users/mnfom/Projects/cnn-Makarena-211/petfaces/cat_Bombay/Bombay_186.jpg,Bombay,cat,Bombay,cat_Bombay,3,0
/Users/mnfom/Projects/cnn-Makarena-211/petfaces/dog_staffordshire/staffordshire_bull_terrier_10.jpg,staffordshire_bull_terrier,dog,staffordshire bull terrier,dog_staffordshire,34,1
/Users/mnfom/Projects/cnn-Makarena-211/petfaces/cat_Ragdoll/Ragdoll_100.jpg,Ragdoll,cat,Ragdoll,cat_Ragdoll,8,0
/Users/mnfom/Projects/cnn-Makarena-211/petfaces/cat_Persian/Persian_172.jpg,Persian,cat,Persian,cat_Persian,7,0
/Users/mnfom/Projects/cnn-Makarena-211/petfaces/dog_american/american_bulldog_119.jpg,american_bulldog,dog,american bulldog,dog_american,12,1
/Users/mnfom/Projects/cnn-Makarena-211/petfaces/cat_Siamese/Siamese_176.jpg,Siamese,cat,Siamese,cat_Siamese,10,0
/Users/mnfom/Projects/cnn-Makarena-211/petfaces/dog_beagle/beagle_128.jpg,beagle,dog,beagle,dog_beagle,15,1
/Users/mnfom/Projects/cnn-Makarena-211/petfaces/cat_Siamese/Siamese_169.jpg,Siamese,cat,Siamese,cat_Siamese,10,0
/Users/mnfom/Projects/cnn-Makarena-211/petfaces/dog_samoyed/samoyed_136.jpg,samoyed,dog,samoyed,dog_samoyed,31,1
/Users/mnfom/Projects/cnn-Makarena-211/petfaces/cat_Egyptian/Egyptian_Mau_106.jpg,Egyptian_Mau,cat,Egyptian Mau,cat_Egyptian,5,0
/Users/mnfom/Projects/cnn-Makarena-211/petfaces/cat_Persian/Persian_105.jpg,Persian,cat,Persian,cat_Persian,7,0
/Users/mnfom/Projects/cnn-Makarena-211/petfaces/cat_Persian/Persian_108.jpg,Persian,cat,Persian,cat_Persian,7,0
/Users/mnfom/Projects/cnn-Makarena-211/petfaces/dog_american/american_bulldog_120.jpg,american_bulldog,dog,american bulldog,dog_american,12,1
/Users/mnfom/Projects/cnn-Makarena-211/petfaces/dog_boxer/boxer_125.jpg,boxer,dog,boxer,dog_boxer,16,1
/Users/mnfom/Projects/cnn-Makarena-211/petfaces/cat_Maine/Maine_Coon_112.jpg,Maine_Coon,cat,Maine Coon,cat_Maine,6,0
/Users/mnfom/Projects/cnn-Makarena-211/petfaces/cat_Egyptian/Egyptian_Mau_116.jpg,Egyptian_Mau,cat,Egyptian Mau,cat_Egyptian,5,0
/Users/mnfom/Projects/cnn-Makarena-211/petfaces/dog_keeshond/keeshond_15.jpg,keeshond,dog,keeshond,dog_keeshond,24,1
/Users/mnfom/Projects/cnn-Makarena-211/petfaces/dog_basset/basset_hound_185.jpg,basset_hound,dog,basset hound,dog_basset,14,1
/Users/mnfom/Projects/cnn-Makarena-211/petfaces/cat_British/British_Shorthair_155.jpg,British_Shorthair,cat,British Shorthair,cat_British,4,0
/Users/mnfom/Projects/cnn-Makarena-211/petfaces/dog_pug/pug_156.jpg,pug,dog,pug,dog_pug,29,1
/Users/mnfom/Projects/cnn-Makarena-211/petfaces/dog_american/american_bulldog_122.jpg,american_bulldog,dog,american bulldog,dog_american,12,1
/Users/mnfom/Projects/cnn-Makarena-211/petfaces/cat_Persian/Persian_183.jpg,Persian,cat,Persian,cat_Persian,7,0
/Users/mnfom/Projects/cnn-Makarena-211/petfaces/dog_scottish/scottish_terrier_124.jpg,scottish_terrier,dog,scottish terrier,dog_scottish,32,1
/Users/mnfom/Projects/cnn-Makarena-211/petfaces/dog_wheaten/wheaten_terrier_180.jpg,wheaten_terrier,dog,wheaten terrier,dog_wheaten,35,1
/Users/mnfom/Projects/cnn-Makarena-211/petfaces/dog_havanese/havanese_164.jpg,havanese,dog,havanese,dog_havanese,22,1
/Users/mnfom/Projects/cnn-Makarena-211/petfaces/dog_keeshond/keeshond_187.jpg,keeshond,dog,keeshond,dog_keeshond,24,1
/Users/mnfom/Projects/cnn-Makarena-211/petfaces/cat_Persian/Persian_12.jpg,Persian,cat,Persian,cat_Persian,7,0
/Users/mnfom/Projects/cnn-Makarena-211/petfaces/dog_american/american_bulldog_192.jpg,american_bulldog,dog,american bulldog,dog_american,12,1
/Users/mnfom/Projects/cnn-Makarena-211/petfaces/cat_Persian/Persian_191.jpg,Persian,cat,Persian,cat_Persian,7,0
/Users/mnfom/Projects/cnn-Makarena-211/petfaces/dog_english/english_setter_100.jpg,english_setter,dog,english setter,dog_english,19,1
/Users/mnfom/Projects/cnn-Makarena-211/petfaces/dog_havanese/havanese_129.jpg,havanese,dog,havanese,dog_havanese,22,1
/Users/mnfom/Projects/cnn-Makarena-211/petfaces/dog_basset/basset_hound_114.jpg,basset_hound,dog,basset hound,dog_basset,14,1
/Users/mnfom/Projects/cnn-Makarena-211/petfaces/dog_boxer/boxer_146.jpg,boxer,dog,boxer,dog_boxer,16,1
/Users/mnfom/Projects/cnn-Makarena-211/petfaces/cat_Ragdoll/Ragdoll_169.jpg,Ragdoll,cat,Ragdoll,cat_Ragdoll,8,0
/Users/mnfom/Projects/cnn-Makarena-211/petfaces/cat_Egyptian/Egyptian_Mau_164.jpg,Egyptian_Mau,cat,Egyptian Mau,cat_Egyptian,5,0
/Users/mnfom/Projects/cnn-Makarena-211/petfaces/cat_Bengal/Bengal_182.jpg,Bengal,cat,Bengal,cat_Bengal,1,0
/Users/mnfom/Projects/cnn-Makarena-211/petfaces/dog_japanese/japanese_chin_129.jpg,japanese_chin,dog,japanese chin,dog_japanese,23,1
/Users/mnfom/Projects/cnn-Makarena-211/petfaces/dog_beagle/beagle_114.jpg,beagle,dog,beagle,dog_beagle,15,1
/Users/mnfom/Projects/cnn-Makarena-211/petfaces/dog_keeshond/keeshond_135.jpg,keeshond,dog,keeshond,dog_keeshond,24,1
/Users/mnfom/Projects/cnn-Makarena-211/petfaces/dog_english/english_setter_184.jpg,english_setter,dog,english setter,dog_english,19,1
/Users/mnfom/Projects/cnn-Makarena-211/petfaces/dog_chihuahua/chihuahua_169.jpg,chihuahua,dog,chihuahua,dog_chihuahua,17,1
/Users/mnfom/Projects/cnn-Makarena-211/petfaces/dog_yorkshire/yorkshire_terrier_123.jpg,yorkshire_terrier,dog,yorkshire terrier,dog_yorkshire,36,1
/Users/mnfom/Projects/cnn-Makarena-211/petfaces/cat_Abyssinian/Abyssinian_109.jpg,Abyssinian,cat,Abyssinian,cat_Abyssinian,0,0
/Users/mnfom/Projects/cnn-Makarena-211/petfaces/cat_Bengal/Bengal_12.jpg,Bengal,cat,Bengal,cat_Bengal,1,0
/Users/mnfom/Projects/cnn-Makarena-211/petfaces/cat_Bengal/Bengal_183.jpg,Bengal,cat,Bengal,cat_Bengal,1,0
/Users/mnfom/Projects/cnn-Makarena-211/petfaces/cat_Siamese/Siamese_173.jpg,Siamese,cat,Siamese,cat_Siamese,10,0
/Users/mnfom/Projects/cnn-Makarena-211/petfaces/dog_samoyed/samoyed_151.jpg,samoyed,dog,samoyed,dog_samoyed,31,1
/Users/mnfom/Projects/cnn-Makarena-211/petfaces/cat_Egyptian/Egyptian_Mau_144.jpg,Egyptian_Mau,cat,Egyptian Mau,cat_Egyptian,5,0
/Users/mnfom/Projects/cnn-Makarena-211/petfaces/dog_american/american_bulldog_176.jpg,american_bulldog,dog,american bulldog,dog_american,12,1
/Users/mnfom/Projects/cnn-Makarena-211/petfaces/dog_beagle/beagle_134.jpg,beagle,dog,beagle,dog_beagle,15,1
/Users/mnfom/Projects/cnn-Makarena-211/petfaces/cat_Maine/Maine_Coon_133.jpg,Maine_Coon,cat,Maine Coon,cat_Maine,6,0
/Users/mnfom/Projects/cnn-Makarena-211/petfaces/cat_Siamese/Siamese_168.jpg,Siamese,cat,Siamese,cat_Siamese,10,0
/Users/mnfom/Projects/cnn-Makarena-211/petfaces/dog_staffordshire/staffordshire_bull_terrier_101.jpg,staffordshire_bull_terrier,dog,staffordshire bull terrier,dog_staffordshire,34,1
/Users/mnfom/Projects/cnn-Makarena-211/petfaces/cat_Birman/Birman_17.jpg,Birman,cat,Birman,cat_Birman,2,0
/Users/mnfom/Projects/cnn-Makarena-211/petfaces/dog_basset/basset_hound_17.jpg,basset_hound,dog,basset hound,dog_basset,14,1
/Users/mnfom/Projects/cnn-Makarena-211/petfaces/dog_japanese/japanese_chin_14.jpg,japanese_chin,dog,japanese chin,dog_japanese,23,1
/Users/mnfom/Projects/cnn-Makarena-211/petfaces/cat_Egyptian/Egyptian_Mau_107.jpg,Egyptian_Mau,cat,Egyptian Mau,cat_Egyptian,5,0
/Users/mnfom/Projects/cnn-Makarena-211/petfaces/dog_newfoundland/newfoundland_122.jpg,newfoundland,dog,newfoundland,dog_newfoundland,27,1
/Users/mnfom/Projects/cnn-Makarena-211/petfaces/dog_chihuahua/chihuahua_185.jpg,chihuahua,dog,chihuahua,dog_chihuahua,17,1
/Users/mnfom/Projects/cnn-Makarena-211/petfaces/dog_english/english_setter_127.jpg,english_setter,dog,english setter,dog_english,19,1
/Users/mnfom/Projects/cnn-Makarena-211/petfaces/cat_Siamese/Siamese_138.jpg,Siamese,cat,Siamese,cat_Siamese,10,0
/Users/mnfom/Projects/cnn-Makarena-211/petfaces/dog_samoyed/samoyed_129.jpg,samoyed,dog,samoyed,dog_samoyed,31,1
/Users/mnfom/Projects/cnn-Makarena-211/petfaces/cat_Bombay/Bombay_105.jpg,Bombay,cat,Bombay,cat_Bombay,3,0
/Users/mnfom/Projects/cnn-Makarena-211/petfaces/dog_miniature/miniature_pinscher_135.jpg,miniature_pinscher,dog,miniature pinscher,dog_miniature,26,1
/Users/mnfom/Projects/cnn-Makarena-211/petfaces/dog_havanese/havanese_135.jpg,havanese,dog,havanese,dog_havanese,22,1
/Users/mnfom/Projects/cnn-Makarena-211/petfaces/dog_scottish/scottish_terrier_119.jpg,scottish_terrier,dog,scottish terrier,dog_scottish,32,1
/Users/mnfom/Projects/cnn-Makarena-211/petfaces/dog_pug/pug_176.jpg,pug,dog,pug,dog_pug,29,1
/Users/mnfom/Projects/cnn-Makarena-211/petfaces/cat_Egyptian/Egyptian_Mau_157.jpg,Egyptian_Mau,cat,Egyptian Mau,cat_Egyptian,5,0
/Users/mnfom/Projects/cnn-Makarena-211/petfaces/cat_Birman/Birman_121.jpg,Birman,cat,Birman,cat_Birman,2,0
/Users/mnfom/Projects/cnn-Makarena-211/petfaces/cat_Siamese/Siamese_179.jpg,Siamese,cat,Siamese,cat_Siamese,10,0
/Users/mnfom/Projects/cnn-Makarena-211/petfaces/cat_British/British_Shorthair_148.jpg,British_Shorthair,cat,British Shorthair,cat_British,4,0
/Users/mnfom/Projects/cnn-Makarena-211/petfaces/cat_Egyptian/Egyptian_Mau_18.jpg,Egyptian_Mau,cat,Egyptian Mau,cat_Egyptian,5,0
/Users/mnfom/Projects/cnn-Makarena-211/petfaces/dog_leonberger/leonberger_172.jpg,leonberger,dog,leonberger,dog_leonberger,25,1
/Users/mnfom/Projects/cnn-Makarena-211/petfaces/dog_great/great_pyrenees_129.jpg,great_pyrenees,dog,great pyrenees,dog_great,21,1
/Users/mnfom/Projects/cnn-Makarena-211/petfaces/dog_boxer/boxer_140.jpg,boxer,dog,boxer,dog_boxer,16,1
/Users/mnfom/Projects/cnn-Makarena-211/petfaces/dog_newfoundland/newfoundland_162.jpg,newfoundland,dog,newfoundland,dog_newfoundland,27,1
/Users/mnfom/Projects/cnn-Makarena-211/petfaces/dog_samoyed/samoyed_171.jpg,samoyed,dog,samoyed,dog_samoyed,31,1
/Users/mnfom/Projects/cnn-Makarena-211/petfaces/cat_Sphynx/Sphynx_132.jpg,Sphynx,cat,Sphynx,cat_Sphynx,11,0
/Users/mnfom/Projects/cnn-Makarena-211/petfaces/cat_Russian/Russian_Blue_143.jpg,Russian_Blue,cat,Russian Blue,cat_Russian,9,0
/Users/mnfom/Projects/cnn-Makarena-211/petfaces/dog_pug/pug_14.jpg,pug,dog,pug,dog_pug,29,1
/Users/mnfom/Projects/cnn-Makarena-211/petfaces/dog_boxer/boxer_171.jpg,boxer,dog,boxer,dog_boxer,16,1
/Users/mnfom/Projects/cnn-Makarena-211/petfaces/cat_Persian/Persian_139.jpg,Persian,cat,Persian,cat_Persian,7,0
/Users/mnfom/Projects/cnn-Makarena-211/petfaces/dog_chihuahua/chihuahua_117.jpg,chihuahua,dog,chihuahua,dog_chihuahua,17,1
/Users/mnfom/Projects/cnn-Makarena-211/petfaces/dog_boxer/boxer_153.jpg,boxer,dog,boxer,dog_boxer,16,1
/Users/mnfom/Projects/cnn-Makarena-211/petfaces/dog_shiba/shiba_inu_152.jpg,shiba_inu,dog,shiba inu,dog_shiba,33,1
/Users/mnfom/Projects/cnn-Makarena-211/petfaces/cat_Siamese/Siamese_170.jpg,Siamese,cat,Siamese,cat_Siamese,10,0
/Users/mnfom/Projects/cnn-Makarena-211/petfaces/dog_staffordshire/staffordshire_bull_terrier_138.jpg,staffordshire_bull_terrier,dog,staffordshire bull terrier,dog_staffordshire,34,1
/Users/mnfom/Projects/cnn-Makarena-211/petfaces/cat_Maine/Maine_Coon_210.jpg,Maine_Coon,cat,Maine Coon,cat_Maine,6,0
/Users/mnfom/Projects/cnn-Makarena-211/petfaces/dog_great/great_pyrenees_130.jpg,great_pyrenees,dog,great pyrenees,dog_great,21,1
/Users/mnfom/Projects/cnn-Makarena-211/petfaces/cat_Sphynx/Sphynx_201.jpg,Sphynx,cat,Sphynx,cat_Sphynx,11,0
/Users/mnfom/Projects/cnn-Makarena-211/petfaces/dog_miniature/miniature_pinscher_168.jpg,miniature_pinscher,dog,miniature pinscher,dog_miniature,26,1
/Users/mnfom/Projects/cnn-Makarena-211/petfaces/cat_Abyssinian/Abyssinian_105.jpg,Abyssinian,cat,Abyssinian,cat_Abyssinian,0,0
/Users/mnfom/Projects/cnn-Makarena-211/petfaces/cat_Ragdoll/Ragdoll_182.jpg,Ragdoll,cat,Ragdoll,cat_Ragdoll,8,0
/Users/mnfom/Projects/cnn-Makarena-211/petfaces/cat_Russian/Russian_Blue_144.jpg,Russian_Blue,cat,Russian Blue,cat_Russian,9,0
/Users/mnfom/Projects/cnn-Makarena-211/petfaces/dog_english/english_cocker_spaniel_174.jpg,english_cocker_spaniel,dog,english cocker spaniel,dog_english,18,1
/Users/mnfom/Projects/cnn-Makarena-211/petfaces/dog_newfoundland/newfoundland_126.jpg,newfoundland,dog,newfoundland,dog_newfoundland,27,1
/Users/mnfom/Projects/cnn-Makarena-211/petfaces/cat_Bengal/Bengal_155.jpg,Bengal,cat,Bengal,cat_Bengal,1,0
/Users/mnfom/Projects/cnn-Makarena-211/petfaces/cat_Ragdoll/Ragdoll_201.jpg,Ragdoll,cat,Ragdoll,cat_Ragdoll,8,0
/Users/mnfom/Projects/cnn-Makarena-211/petfaces/dog_samoyed/samoyed_123.jpg,samoyed,dog,samoyed,dog_samoyed,31,1
/Users/mnfom/Projects/cnn-Makarena-211/petfaces/dog_leonberger/leonberger_179.jpg,leonberger,dog,leonberger,dog_leonberger,25,1
/Users/mnfom/Projects/cnn-Makarena-211/petfaces/dog_scottish/scottish_terrier_186.jpg,scottish_terrier,dog,scottish terrier,dog_scottish,32,1
/Users/mnfom/Projects/cnn-Makarena-211/petfaces/dog_german/german_shorthaired_143.jpg,german_shorthaired,dog,german shorthaired,dog_german,20,1
/Users/mnfom/Projects/cnn-Makarena-211/petfaces/dog_wheaten/wheaten_terrier_177.jpg,wheaten_terrier,dog,wheaten terrier,dog_wheaten,35,1
/Users/mnfom/Projects/cnn-Makarena-211/petfaces/cat_Maine/Maine_Coon_167.jpg,Maine_Coon,cat,Maine Coon,cat_Maine,6,0
/Users/mnfom/Projects/cnn-Makarena-211/petfaces/dog_leonberger/leonberger_176.jpg,leonberger,dog,leonberger,dog_leonberger,25,1
/Users/mnfom/Projects/cnn-Makarena-211/petfaces/cat_Russian/Russian_Blue_172.jpg,Russian_Blue,cat,Russian Blue,cat_Russian,9,0
/Users/mnfom/Projects/cnn-Makarena-211/petfaces/cat_Ragdoll/Ragdoll_163.jpg,Ragdoll,cat,Ragdoll,cat_Ragdoll,8,0
/Users/mnfom/Projects/cnn-Makarena-211/petfaces/dog_shiba/shiba_inu_133.jpg,shiba_inu,dog,shiba inu,dog_shiba,33,1
/Users/mnfom/Projects/cnn-Makarena-211/petfaces/dog_boxer/boxer_117.jpg,boxer,dog,boxer,dog_boxer,16,1
/Users/mnfom/Projects/cnn-Makarena-211/petfaces/cat_Persian/Persian_173.jpg,Persian,cat,Persian,cat_Persian,7,0
/Users/mnfom/Projects/cnn-Makarena-211/petfaces/dog_german/german_shorthaired_128.jpg,german_shorthaired,dog,german shorthaired,dog_german,20,1
/Users/mnfom/Projects/cnn-Makarena-211/petfaces/dog_pug/pug_111.jpg,pug,dog,pug,dog_pug,29,1
/Users/mnfom/Projects/cnn-Makarena-211/petfaces/dog_wheaten/wheaten_terrier_14.jpg,wheaten_terrier,dog,wheaten terrier,dog_wheaten,35,1
/Users/mnfom/Projects/cnn-Makarena-211/petfaces/dog_samoyed/samoyed_116.jpg,samoyed,dog,samoyed,dog_samoyed,31,1
/Users/mnfom/Projects/cnn-Makarena-211/petfaces/cat_British/British_Shorthair_176.jpg,British_Shorthair,cat,British Shorthair,cat_British,4,0
/Users/mnfom/Projects/cnn-Makarena-211/petfaces/dog_beagle/beagle_153.jpg,beagle,dog,beagle,dog_beagle,15,1
/Users/mnfom/Projects/cnn-Makarena-211/petfaces/dog_boxer/boxer_107.jpg,boxer,dog,boxer,dog_boxer,16,1
/Users/mnfom/Projects/cnn-Makarena-211/petfaces/cat_Bombay/Bombay_174.jpg,Bombay,cat,Bombay,cat_Bombay,3,0
/Users/mnfom/Projects/cnn-Makarena-211/petfaces/dog_chihuahua/chihuahua_187.jpg,chihuahua,dog,chihuahua,dog_chihuahua,17,1
/Users/mnfom/Projects/cnn-Makarena-211/petfaces/cat_Bengal/Bengal_110.jpg,Bengal,cat,Bengal,cat_Bengal,1,0
/Users/mnfom/Projects/cnn-Makarena-211/petfaces/dog_english/english_setter_106.jpg,english_setter,dog,english setter,dog_english,19,1
/Users/mnfom/Projects/cnn-Makarena-211/petfaces/dog_keeshond/keeshond_106.jpg,keeshond,dog,keeshond,dog_keeshond,24,1
/Users/mnfom/Projects/cnn-Makarena-211/petfaces/dog_scottish/scottish_terrier_187.jpg,scottish_terrier,dog,scottish terrier,dog_scottish,32,1
/Users/mnfom/Projects/cnn-Makarena-211/petfaces/dog_chihuahua/chihuahua_104.jpg,chihuahua,dog,chihuahua,dog_chihuahua,17,1
/Users/mnfom/Projects/cnn-Makarena-211/petfaces/dog_samoyed/samoyed_109.jpg,samoyed,dog,samoyed,dog_samoyed,31,1
/Users/mnfom/Projects/cnn-Makarena-211/petfaces/dog_miniature/miniature_pinscher_187.jpg,miniature_pinscher,dog,miniature pinscher,dog_miniature,26,1
/Users/mnfom/Projects/cnn-Makarena-211/petfaces/dog_leonberger/leonberger_182.jpg,leonberger,dog,leonberger,dog_leonberger,25,1
/Users/mnfom/Projects/cnn-Makarena-211/petfaces/dog_leonberger/leonberger_178.jpg,leonberger,dog,leonberger,dog_leonberger,25,1
/Users/mnfom/Projects/cnn-Makarena-211/petfaces/dog_chihuahua/chihuahua_165.jpg,chihuahua,dog,chihuahua,dog_chihuahua,17,1
/Users/mnfom/Projects/cnn-Makarena-211/petfaces/dog_pomeranian/pomeranian_154.jpg,pomeranian,dog,pomeranian,dog_pomeranian,28,1
/Users/mnfom/Projects/cnn-Makarena-211/petfaces/cat_Bengal/Bengal_142.jpg,Bengal,cat,Bengal,cat_Bengal,1,0
/Users/mnfom/Projects/cnn-Makarena-211/petfaces/dog_samoyed/samoyed_124.jpg,samoyed,dog,samoyed,dog_samoyed,31,1
/Users/mnfom/Projects/cnn-Makarena-211/petfaces/cat_Bengal/Bengal_186.jpg,Bengal,cat,Bengal,cat_Bengal,1,0
/Users/mnfom/Projects/cnn-Makarena-211/petfaces/dog_english/english_cocker_spaniel_18.jpg,english_cocker_spaniel,dog,english cocker spaniel,dog_english,18,1
/Users/mnfom/Projects/cnn-Makarena-211/petfaces/cat_Sphynx/Sphynx_199.jpg,Sphynx,cat,Sphynx,cat_Sphynx,11,0
/Users/mnfom/Projects/cnn-Makarena-211/petfaces/dog_boxer/boxer_128.jpg,boxer,dog,boxer,dog_boxer,16,1
/Users/mnfom/Projects/cnn-Makarena-211/petfaces/cat_Maine/Maine_Coon_152.jpg,Maine_Coon,cat,Maine Coon,cat_Maine,6,0
/Users/mnfom/Projects/cnn-Makarena-211/petfaces/cat_Bombay/Bombay_178.jpg,Bombay,cat,Bombay,cat_Bombay,3,0
/Users/mnfom/Projects/cnn-Makarena-211/petfaces/dog_saint/saint_bernard_135.jpg,saint_bernard,dog,saint bernard,dog_saint,30,1
/Users/mnfom/Projects/cnn-Makarena-211/petfaces/cat_Birman/Birman_101.jpg,Birman,cat,Birman,cat_Birman,2,0
/Users/mnfom/Projects/cnn-Makarena-211/petfaces/dog_beagle/beagle_186.jpg,beagle,dog,beagle,dog_beagle,15,1
/Users/mnfom/Projects/cnn-Makarena-211/petfaces/dog_beagle/beagle_169.jpg,beagle,dog,beagle,dog_beagle,15,1
/Users/mnfom/Projects/cnn-Makarena-211/petfaces/dog_american/american_bulldog_135.jpg,american_bulldog,dog,american bulldog,dog_american,12,1
/Users/mnfom/Projects/cnn-Makarena-211/petfaces/dog_newfoundland/newfoundland_148.jpg,newfoundland,dog,newfoundland,dog_newfoundland,27,1
/Users/mnfom/Projects/cnn-Makarena-211/petfaces/cat_British/British_Shorthair_115.jpg,British_Shorthair,cat,British Shorthair,cat_British,4,0
/Users/mnfom/Projects/cnn-Makarena-211/petfaces/cat_Sphynx/Sphynx_18.jpg,Sphynx,cat,Sphynx,cat_Sphynx,11,0
/Users/mnfom/Projects/cnn-Makarena-211/petfaces/cat_Ragdoll/Ragdoll_170.jpg,Ragdoll,cat,Ragdoll,cat_Ragdoll,8,0
/Users/mnfom/Projects/cnn-Makarena-211/petfaces/dog_yorkshire/yorkshire_terrier_139.jpg,yorkshire_terrier,dog,yorkshire terrier,dog_yorkshire,36,1
/Users/mnfom/Projects/cnn-Makarena-211/petfaces/dog_samoyed/samoyed_153.jpg,samoyed,dog,samoyed,dog_samoyed,31,1
/Users/mnfom/Projects/cnn-Makarena-211/petfaces/cat_Birman/Birman_155.jpg,Birman,cat,Birman,cat_Birman,2,0
/Users/mnfom/Projects/cnn-Makarena-211/petfaces/dog_english/english_setter_152.jpg,english_setter,dog,english setter,dog_english,19,1
/Users/mnfom/Projects/cnn-Makarena-211/petfaces/dog_great/great_pyrenees_104.jpg,great_pyrenees,dog,great pyrenees,dog_great,21,1
/Users/mnfom/Projects/cnn-Makarena-211/petfaces/dog_american/american_pit_bull_terrier_107.jpg,american_pit_bull_terrier,dog,american pit bull terrier,dog_american,13,1
/Users/mnfom/Projects/cnn-Makarena-211/petfaces/dog_great/great_pyrenees_135.jpg,great_pyrenees,dog,great pyrenees,dog_great,21,1
/Users/mnfom/Projects/cnn-Makarena-211/petfaces/cat_Bengal/Bengal_185.jpg,Bengal,cat,Bengal,cat_Bengal,1,0
/Users/mnfom/Projects/cnn-Makarena-211/petfaces/cat_Abyssinian/Abyssinian_141.jpg,Abyssinian,cat,Abyssinian,cat_Abyssinian,0,0
/Users/mnfom/Projects/cnn-Makarena-211/petfaces/dog_boxer/boxer_142.jpg,boxer,dog,boxer,dog_boxer,16,1
/Users/mnfom/Projects/cnn-Makarena-211/petfaces/cat_Abyssinian/Abyssinian_143.jpg,Abyssinian,cat,Abyssinian,cat_Abyssinian,0,0
/Users/mnfom/Projects/cnn-Makarena-211/petfaces/dog_pomeranian/pomeranian_138.jpg,pomeranian,dog,pomeranian,dog_pomeranian,28,1
/Users/mnfom/Projects/cnn-Makarena-211/petfaces/dog_wheaten/wheaten_terrier_161.jpg,wheaten_terrier,dog,wheaten terrier,dog_wheaten,35,1
/Users/mnfom/Projects/cnn-Makarena-211/petfaces/cat_Siamese/Siamese_158.jpg,Siamese,cat,Siamese,cat_Siamese,10,0
/Users/mnfom/Projects/cnn-Makarena-211/petfaces/cat_Ragdoll/Ragdoll_134.jpg,Ragdoll,cat,Ragdoll,cat_Ragdoll,8,0
/Users/mnfom/Projects/cnn-Makarena-211/petfaces/dog_scottish/scottish_terrier_175.jpg,scottish_terrier,dog,scottish terrier,dog_scottish,32,1
/Users/mnfom/Projects/cnn-Makarena-211/petfaces/cat_Maine/Maine_Coon_170.jpg,Maine_Coon,cat,Maine Coon,cat_Maine,6,0
/Users/mnfom/Projects/cnn-Makarena-211/petfaces/cat_Bombay/Bombay_113.jpg,Bombay,cat,Bombay,cat_Bombay,3,0
/Users/mnfom/Projects/cnn-Makarena-211/petfaces/cat_Abyssinian/Abyssinian_168.jpg,Abyssinian,cat,Abyssinian,cat_Abyssinian,0,0
/Users/mnfom/Projects/cnn-Makarena-211/petfaces/dog_basset/basset_hound_15.jpg,basset_hound,dog,basset hound,dog_basset,14,1
/Users/mnfom/Projects/cnn-Makarena-211/petfaces/dog_keeshond/keeshond_123.jpg,keeshond,dog,keeshond,dog_keeshond,24,1
/Users/mnfom/Projects/cnn-Makarena-211/petfaces/cat_Bengal/Bengal_122.jpg,Bengal,cat,Bengal,cat_Bengal,1,0
/Users/mnfom/Projects/cnn-Makarena-211/petfaces/dog_basset/basset_hound_140.jpg,basset_hound,dog,basset hound,dog_basset,14,1
/Users/mnfom/Projects/cnn-Makarena-211/petfaces/dog_basset/basset_hound_142.jpg,basset_hound,dog,basset hound,dog_basset,14,1
/Users/mnfom/Projects/cnn-Makarena-211/petfaces/dog_saint/saint_bernard_133.jpg,saint_bernard,dog,saint bernard,dog_saint,30,1
/Users/mnfom/Projects/cnn-Makarena-211/petfaces/dog_american/american_pit_bull_terrier_135.jpg,american_pit_bull_terrier,dog,american pit bull terrier,dog_american,13,1
/Users/mnfom/Projects/cnn-Makarena-211/petfaces/cat_Bombay/Bombay_198.jpg,Bombay,cat,Bombay,cat_Bombay,3,0
/Users/mnfom/Projects/cnn-Makarena-211/petfaces/dog_great/great_pyrenees_110.jpg,great_pyrenees,dog,great pyrenees,dog_great,21,1
/Users/mnfom/Projects/cnn-Makarena-211/petfaces/dog_havanese/havanese_188.jpg,havanese,dog,havanese,dog_havanese,22,1
/Users/mnfom/Projects/cnn-Makarena-211/petfaces/dog_beagle/beagle_137.jpg,beagle,dog,beagle,dog_beagle,15,1
/Users/mnfom/Projects/cnn-Makarena-211/petfaces/dog_newfoundland/newfoundland_107.jpg,newfoundland,dog,newfoundland,dog_newfoundland,27,1
/Users/mnfom/Projects/cnn-Makarena-211/petfaces/dog_keeshond/keeshond_140.jpg,keeshond,dog,keeshond,dog_keeshond,24,1
/Users/mnfom/Projects/cnn-Makarena-211/petfaces/dog_english/english_cocker_spaniel_14.jpg,english_cocker_spaniel,dog,english cocker spaniel,dog_english,18,1
/Users/mnfom/Projects/cnn-Makarena-211/petfaces/cat_Sphynx/Sphynx_156.jpg,Sphynx,cat,Sphynx,cat_Sphynx,11,0
/Users/mnfom/Projects/cnn-Makarena-211/petfaces/dog_leonberger/leonberger_118.jpg,leonberger,dog,leonberger,dog_leonberger,25,1
/Users/mnfom/Projects/cnn-Makarena-211/petfaces/dog_wheaten/wheaten_terrier_162.jpg,wheaten_terrier,dog,wheaten terrier,dog_wheaten,35,1
/Users/mnfom/Projects/cnn-Makarena-211/petfaces/dog_staffordshire/staffordshire_bull_terrier_167.jpg,staffordshire_bull_terrier,dog,staffordshire bull terrier,dog_staffordshire,34,1
/Users/mnfom/Projects/cnn-Makarena-211/petfaces/dog_newfoundland/newfoundland_170.jpg,newfoundland,dog,newfoundland,dog_newfoundland,27,1
/Users/mnfom/Projects/cnn-Makarena-211/petfaces/cat_Bombay/Bombay_114.jpg,Bombay,cat,Bombay,cat_Bombay,3,0
/Users/mnfom/Projects/cnn-Makarena-211/petfaces/cat_Maine/Maine_Coon_148.jpg,Maine_Coon,cat,Maine Coon,cat_Maine,6,0
/Users/mnfom/Projects/cnn-Makarena-211/petfaces/dog_havanese/havanese_128.jpg,havanese,dog,havanese,dog_havanese,22,1
/Users/mnfom/Projects/cnn-Makarena-211/petfaces/cat_British/British_Shorthair_134.jpg,British_Shorthair,cat,British Shorthair,cat_British,4,0
/Users/mnfom/Projects/cnn-Makarena-211/petfaces/cat_Bombay/Bombay_182.jpg,Bombay,cat,Bombay,cat_Bombay,3,0
/Users/mnfom/Projects/cnn-Makarena-211/petfaces/dog_american/american_bulldog_142.jpg,american_bulldog,dog,american bulldog,dog_american,12,1
/Users/mnfom/Projects/cnn-Makarena-211/petfaces/cat_Maine/Maine_Coon_187.jpg,Maine_Coon,cat,Maine Coon,cat_Maine,6,0
/Users/mnfom/Projects/cnn-Makarena-211/petfaces/cat_Bengal/Bengal_120.jpg,Bengal,cat,Bengal,cat_Bengal,1,0
/Users/mnfom/Projects/cnn-Makarena-211/petfaces/cat_Russian/Russian_Blue_175.jpg,Russian_Blue,cat,Russian Blue,cat_Russian,9,0
/Users/mnfom/Projects/cnn-Makarena-211/petfaces/dog_beagle/beagle_148.jpg,beagle,dog,beagle,dog_beagle,15,1
/Users/mnfom/Projects/cnn-Makarena-211/petfaces/cat_Maine/Maine_Coon_204.jpg,Maine_Coon,cat,Maine Coon,cat_Maine,6,0
/Users/mnfom/Projects/cnn-Makarena-211/petfaces/dog_boxer/boxer_168.jpg,boxer,dog,boxer,dog_boxer,16,1
/Users/mnfom/Projects/cnn-Makarena-211/petfaces/dog_scottish/scottish_terrier_110.jpg,scottish_terrier,dog,scottish terrier,dog_scottish,32,1
/Users/mnfom/Projects/cnn-Makarena-211/petfaces/cat_Abyssinian/Abyssinian_165.jpg,Abyssinian,cat,Abyssinian,cat_Abyssinian,0,0
/Users/mnfom/Projects/cnn-Makarena-211/petfaces/cat_British/British_Shorthair_162.jpg,British_Shorthair,cat,British Shorthair,cat_British,4,0
/Users/mnfom/Projects/cnn-Makarena-211/petfaces/cat_Russian/Russian_Blue_194.jpg,Russian_Blue,cat,Russian Blue,cat_Russian,9,0
/Users/mnfom/Projects/cnn-Makarena-211/petfaces/dog_shiba/shiba_inu_162.jpg,shiba_inu,dog,shiba inu,dog_shiba,33,1
/Users/mnfom/Projects/cnn-Makarena-211/petfaces/dog_beagle/beagle_14.jpg,beagle,dog,beagle,dog_beagle,15,1
/Users/mnfom/Projects/cnn-Makarena-211/petfaces/cat_Birman/Birman_132.jpg,Birman,cat,Birman,cat_Birman,2,0
/Users/mnfom/Projects/cnn-Makarena-211/petfaces/dog_wheaten/wheaten_terrier_137.jpg,wheaten_terrier,dog,wheaten terrier,dog_wheaten,35,1
/Users/mnfom/Projects/cnn-Makarena-211/petfaces/dog_yorkshire/yorkshire_terrier_140.jpg,yorkshire_terrier,dog,yorkshire terrier,dog_yorkshire,36,1
/Users/mnfom/Projects/cnn-Makarena-211/petfaces/dog_saint/saint_bernard_144.jpg,saint_bernard,dog,saint bernard,dog_saint,30,1
/Users/mnfom/Projects/cnn-Makarena-211/petfaces/dog_shiba/shiba_inu_166.jpg,shiba_inu,dog,shiba inu,dog_shiba,33,1
/Users/mnfom/Projects/cnn-Makarena-211/petfaces/dog_english/english_cocker_spaniel_145.jpg,english_cocker_spaniel,dog,english cocker spaniel,dog_english,18,1
/Users/mnfom/Projects/cnn-Makarena-211/petfaces/dog_pug/pug_183.jpg,pug,dog,pug,dog_pug,29,1
/Users/mnfom/Projects/cnn-Makarena-211/petfaces/dog_wheaten/wheaten_terrier_149.jpg,wheaten_terrier,dog,wheaten terrier,dog_wheaten,35,1
/Users/mnfom/Projects/cnn-Makarena-211/petfaces/cat_Egyptian/Egyptian_Mau_160.jpg,Egyptian_Mau,cat,Egyptian Mau,cat_Egyptian,5,0
/Users/mnfom/Projects/cnn-Makarena-211/petfaces/dog_pomeranian/pomeranian_182.jpg,pomeranian,dog,pomeranian,dog_pomeranian,28,1
/Users/mnfom/Projects/cnn-Makarena-211/petfaces/dog_chihuahua/chihuahua_125.jpg,chihuahua,dog,chihuahua,dog_chihuahua,17,1
/Users/mnfom/Projects/cnn-Makarena-211/petfaces/cat_Maine/Maine_Coon_102.jpg,Maine_Coon,cat,Maine Coon,cat_Maine,6,0
/Users/mnfom/Projects/cnn-Makarena-211/petfaces/dog_great/great_pyrenees_100.jpg,great_pyrenees,dog,great pyrenees,dog_great,21,1
/Users/mnfom/Projects/cnn-Makarena-211/petfaces/cat_Abyssinian/Abyssinian_135.jpg,Abyssinian,cat,Abyssinian,cat_Abyssinian,0,0
/Users/mnfom/Projects/cnn-Makarena-211/petfaces/dog_wheaten/wheaten_terrier_138.jpg,wheaten_terrier,dog,wheaten terrier,dog_wheaten,35,1
/Users/mnfom/Projects/cnn-Makarena-211/petfaces/dog_leonberger/leonberger_190.jpg,leonberger,dog,leonberger,dog_leonberger,25,1
/Users/mnfom/Projects/cnn-Makarena-211/petfaces/cat_Siamese/Siamese_14.jpg,Siamese,cat,Siamese,cat_Siamese,10,0
/Users/mnfom/Projects/cnn-Makarena-211/petfaces/dog_wheaten/wheaten_terrier_129.jpg,wheaten_terrier,dog,wheaten terrier,dog_wheaten,35,1
/Users/mnfom/Projects/cnn-Makarena-211/petfaces/dog_wheaten/wheaten_terrier_108.jpg,wheaten_terrier,dog,wheaten terrier,dog_wheaten,35,1
/Users/mnfom/Projects/cnn-Makarena-211/petfaces/dog_saint/saint_bernard_138.jpg,saint_bernard,dog,saint bernard,dog_saint,30,1
/Users/mnfom/Projects/cnn-Makarena-211/petfaces/cat_Sphynx/Sphynx_122.jpg,Sphynx,cat,Sphynx,cat_Sphynx,11,0
/Users/mnfom/Projects/cnn-Makarena-211/petfaces/cat_Egyptian/Egyptian_Mau_185.jpg,Egyptian_Mau,cat,Egyptian Mau,cat_Egyptian,5,0
/Users/mnfom/Projects/cnn-Makarena-211/petfaces/cat_Egyptian/Egyptian_Mau_161.jpg,Egyptian_Mau,cat,Egyptian Mau,cat_Egyptian,5,0
/Users/mnfom/Projects/cnn-Makarena-211/petfaces/cat_Abyssinian/Abyssinian_17.jpg,Abyssinian,cat,Abyssinian,cat_Abyssinian,0,0
/Users/mnfom/Projects/cnn-Makarena-211/petfaces/dog_wheaten/wheaten_terrier_136.jpg,wheaten_terrier,dog,wheaten terrier,dog_wheaten,35,1
/Users/mnfom/Projects/cnn-Makarena-211/petfaces/dog_boxer/boxer_188.jpg,boxer,dog,boxer,dog_boxer,16,1
/Users/mnfom/Projects/cnn-Makarena-211/petfaces/dog_american/american_bulldog_175.jpg,american_bulldog,dog,american bulldog,dog_american,12,1
/Users/mnfom/Projects/cnn-Makarena-211/petfaces/dog_american/american_pit_bull_terrier_120.jpg,american_pit_bull_terrier,dog,american pit bull terrier,dog_american,13,1
/Users/mnfom/Projects/cnn-Makarena-211/petfaces/dog_american/american_bulldog_106.jpg,american_bulldog,dog,american bulldog,dog_american,12,1
/Users/mnfom/Projects/cnn-Makarena-211/petfaces/dog_wheaten/wheaten_terrier_124.jpg,wheaten_terrier,dog,wheaten terrier,dog_wheaten,35,1
/Users/mnfom/Projects/cnn-Makarena-211/petfaces/dog_leonberger/leonberger_184.jpg,leonberger,dog,leonberger,dog_leonberger,25,1
/Users/mnfom/Projects/cnn-Makarena-211/petfaces/dog_pug/pug_175.jpg,pug,dog,pug,dog_pug,29,1
/Users/mnfom/Projects/cnn-Makarena-211/petfaces/dog_basset/basset_hound_106.jpg,basset_hound,dog,basset hound,dog_basset,14,1
/Users/mnfom/Projects/cnn-Makarena-211/petfaces/dog_beagle/beagle_174.jpg,beagle,dog,beagle,dog_beagle,15,1
/Users/mnfom/Projects/cnn-Makarena-211/petfaces/dog_staffordshire/staffordshire_bull_terrier_130.jpg,staffordshire_bull_terrier,dog,staffordshire bull terrier,dog_staffordshire,34,1
/Users/mnfom/Projects/cnn-Makarena-211/petfaces/dog_scottish/scottish_terrier_139.jpg,scottish_terrier,dog,scottish terrier,dog_scottish,32,1
/Users/mnfom/Projects/cnn-Makarena-211/petfaces/dog_yorkshire/yorkshire_terrier_159.jpg,yorkshire_terrier,dog,yorkshire terrier,dog_yorkshire,36,1
/Users/mnfom/Projects/cnn-Makarena-211/petfaces/dog_yorkshire/yorkshire_terrier_116.jpg,yorkshire_terrier,dog,yorkshire terrier,dog_yorkshire,36,1
/Users/mnfom/Projects/cnn-Makarena-211/petfaces/dog_beagle/beagle_120.jpg,beagle,dog,beagle,dog_beagle,15,1
/Users/mnfom/Projects/cnn-Makarena-211/petfaces/dog_pug/pug_131.jpg,pug,dog,pug,dog_pug,29,1
/Users/mnfom/Projects/cnn-Makarena-211/petfaces/dog_shiba/shiba_inu_100.jpg,shiba_inu,dog,shiba inu,dog_shiba,33,1
/Users/mnfom/Projects/cnn-Makarena-211/petfaces/dog_boxer/boxer_143.jpg,boxer,dog,boxer,dog_boxer,16,1
/Users/mnfom/Projects/cnn-Makarena-211/petfaces/cat_Sphynx/Sphynx_196.jpg,Sphynx,cat,Sphynx,cat_Sphynx,11,0
/Users/mnfom/Projects/cnn-Makarena-211/petfaces/dog_saint/saint_bernard_162.jpg,saint_bernard,dog,saint bernard,dog_saint,30,1
/Users/mnfom/Projects/cnn-Makarena-211/petfaces/dog_yorkshire/yorkshire_terrier_154.jpg,yorkshire_terrier,dog,yorkshire terrier,dog_yorkshire,36,1
/Users/mnfom/Projects/cnn-Makarena-211/petfaces/cat_Abyssinian/Abyssinian_107.jpg,Abyssinian,cat,Abyssinian,cat_Abyssinian,0,0
/Users/mnfom/Projects/cnn-Makarena-211/petfaces/dog_american/american_bulldog_194.jpg,american_bulldog,dog,american bulldog,dog_american,12,1
/Users/mnfom/Projects/cnn-Makarena-211/petfaces/cat_British/British_Shorthair_193.jpg,British_Shorthair,cat,British Shorthair,cat_British,4,0
/Users/mnfom/Projects/cnn-Makarena-211/petfaces/dog_american/american_bulldog_129.jpg,american_bulldog,dog,american bulldog,dog_american,12,1
/Users/mnfom/Projects/cnn-Makarena-211/petfaces/dog_great/great_pyrenees_176.jpg,great_pyrenees,dog,great pyrenees,dog_great,21,1
/Users/mnfom/Projects/cnn-Makarena-211/petfaces/dog_pug/pug_163.jpg,pug,dog,pug,dog_pug,29,1
/Users/mnfom/Projects/cnn-Makarena-211/petfaces/cat_British/British_Shorthair_111.jpg,British_Shorthair,cat,British Shorthair,cat_British,4,0
/Users/mnfom/Projects/cnn-Makarena-211/petfaces/dog_pomeranian/pomeranian_15.jpg,pomeranian,dog,pomeranian,dog_pomeranian,28,1
/Users/mnfom/Projects/cnn-Makarena-211/petfaces/dog_beagle/beagle_158.jpg,beagle,dog,beagle,dog_beagle,15,1
/Users/mnfom/Projects/cnn-Makarena-211/petfaces/dog_shiba/shiba_inu_195.jpg,shiba_inu,dog,shiba inu,dog_shiba,33,1
/Users/mnfom/Projects/cnn-Makarena-211/petfaces/dog_keeshond/keeshond_185.jpg,keeshond,dog,keeshond,dog_keeshond,24,1
/Users/mnfom/Projects/cnn-Makarena-211/petfaces/dog_beagle/beagle_129.jpg,beagle,dog,beagle,dog_beagle,15,1
/Users/mnfom/Projects/cnn-Makarena-211/petfaces/cat_Birman/Birman_181.jpg,Birman,cat,Birman,cat_Birman,2,0
/Users/mnfom/Projects/cnn-Makarena-211/petfaces/dog_havanese/havanese_181.jpg,havanese,dog,havanese,dog_havanese,22,1
/Users/mnfom/Projects/cnn-Makarena-211/petfaces/cat_Russian/Russian_Blue_129.jpg,Russian_Blue,cat,Russian Blue,cat_Russian,9,0
/Users/mnfom/Projects/cnn-Makarena-211/petfaces/dog_japanese/japanese_chin_123.jpg,japanese_chin,dog,japanese chin,dog_japanese,23,1
/Users/mnfom/Projects/cnn-Makarena-211/petfaces/cat_Siamese/Siamese_172.jpg,Siamese,cat,Siamese,cat_Siamese,10,0
/Users/mnfom/Projects/cnn-Makarena-211/petfaces/dog_american/american_pit_bull_terrier_10.jpg,american_pit_bull_terrier,dog,american pit bull terrier,dog_american,13,1
/Users/mnfom/Projects/cnn-Makarena-211/petfaces/cat_Bombay/Bombay_180.jpg,Bombay,cat,Bombay,cat_Bombay,3,0
/Users/mnfom/Projects/cnn-Makarena-211/petfaces/dog_samoyed/samoyed_148.jpg,samoyed,dog,samoyed,dog_samoyed,31,1
/Users/mnfom/Projects/cnn-Makarena-211/petfaces/dog_american/american_pit_bull_terrier_18.jpg,american_pit_bull_terrier,dog,american pit bull terrier,dog_american,13,1
/Users/mnfom/Projects/cnn-Makarena-211/petfaces/cat_Maine/Maine_Coon_19.jpg,Maine_Coon,cat,Maine Coon,cat_Maine,6,0
/Users/mnfom/Projects/cnn-Makarena-211/petfaces/dog_english/english_setter_163.jpg,english_setter,dog,english setter,dog_english,19,1
/Users/mnfom/Projects/cnn-Makarena-211/petfaces/dog_newfoundland/newfoundland_12.jpg,newfoundland,dog,newfoundland,dog_newfoundland,27,1
/Users/mnfom/Projects/cnn-Makarena-211/petfaces/dog_saint/saint_bernard_126.jpg,saint_bernard,dog,saint bernard,dog_saint,30,1
/Users/mnfom/Projects/cnn-Makarena-211/petfaces/dog_keeshond/keeshond_186.jpg,keeshond,dog,keeshond,dog_keeshond,24,1
/Users/mnfom/Projects/cnn-Makarena-211/petfaces/cat_British/British_Shorthair_121.jpg,British_Shorthair,cat,British Shorthair,cat_British,4,0
/Users/mnfom/Projects/cnn-Makarena-211/petfaces/dog_yorkshire/yorkshire_terrier_142.jpg,yorkshire_terrier,dog,yorkshire terrier,dog_yorkshire,36,1
/Users/mnfom/Projects/cnn-Makarena-211/petfaces/cat_Sphynx/Sphynx_117.jpg,Sphynx,cat,Sphynx,cat_Sphynx,11,0
/Users/mnfom/Projects/cnn-Makarena-211/petfaces/dog_keeshond/keeshond_147.jpg,keeshond,dog,keeshond,dog_keeshond,24,1
/Users/mnfom/Projects/cnn-Makarena-211/petfaces/dog_basset/basset_hound_165.jpg,basset_hound,dog,basset hound,dog_basset,14,1
/Users/mnfom/Projects/cnn-Makarena-211/petfaces/dog_chihuahua/chihuahua_160.jpg,chihuahua,dog,chihuahua,dog_chihuahua,17,1
/Users/mnfom/Projects/cnn-Makarena-211/petfaces/dog_samoyed/samoyed_132.jpg,samoyed,dog,samoyed,dog_samoyed,31,1
/Users/mnfom/Projects/cnn-Makarena-211/petfaces/cat_Abyssinian/Abyssinian_180.jpg,Abyssinian,cat,Abyssinian,cat_Abyssinian,0,0
/Users/mnfom/Projects/cnn-Makarena-211/petfaces/dog_scottish/scottish_terrier_142.jpg,scottish_terrier,dog,scottish terrier,dog_scottish,32,1
/Users/mnfom/Projects/cnn-Makarena-211/petfaces/dog_leonberger/leonberger_12.jpg,leonberger,dog,leonberger,dog_leonberger,25,1
/Users/mnfom/Projects/cnn-Makarena-211/petfaces/cat_Abyssinian/Abyssinian_172.jpg,Abyssinian,cat,Abyssinian,cat_Abyssinian,0,0
/Users/mnfom/Projects/cnn-Makarena-211/petfaces/cat_Siamese/Siamese_180.jpg,Siamese,cat,Siamese,cat_Siamese,10,0
/Users/mnfom/Projects/cnn-Makarena-211/petfaces/cat_Abyssinian/Abyssinian_134.jpg,Abyssinian,cat,Abyssinian,cat_Abyssinian,0,0
/Users/mnfom/Projects/cnn-Makarena-211/petfaces/dog_keeshond/keeshond_181.jpg,keeshond,dog,keeshond,dog_keeshond,24,1
/Users/mnfom/Projects/cnn-Makarena-211/petfaces/cat_Persian/Persian_11.jpg,Persian,cat,Persian,cat_Persian,7,0
/Users/mnfom/Projects/cnn-Makarena-211/petfaces/dog_yorkshire/yorkshire_terrier_174.jpg,yorkshire_terrier,dog,yorkshire terrier,dog_yorkshire,36,1
/Users/mnfom/Projects/cnn-Makarena-211/petfaces/cat_Maine/Maine_Coon_144.jpg,Maine_Coon,cat,Maine Coon,cat_Maine,6,0
/Users/mnfom/Projects/cnn-Makarena-211/petfaces/dog_chihuahua/chihuahua_102.jpg,chihuahua,dog,chihuahua,dog_chihuahua,17,1
/Users/mnfom/Projects/cnn-Makarena-211/petfaces/dog_keeshond/keeshond_150.jpg,keeshond,dog,keeshond,dog_keeshond,24,1
/Users/mnfom/Projects/cnn-Makarena-211/petfaces/cat_Bengal/Bengal_138.jpg,Bengal,cat,Bengal,cat_Bengal,1,0
/Users/mnfom/Projects/cnn-Makarena-211/petfaces/cat_Ragdoll/Ragdoll_189.jpg,Ragdoll,cat,Ragdoll,cat_Ragdoll,8,0
/Users/mnfom/Projects/cnn-Makarena-211/petfaces/cat_Persian/Persian_168.jpg,Persian,cat,Persian,cat_Persian,7,0
/Users/mnfom/Projects/cnn-Makarena-211/petfaces/cat_Russian/Russian_Blue_124.jpg,Russian_Blue,cat,Russian Blue,cat_Russian,9,0
/Users/mnfom/Projects/cnn-Makarena-211/petfaces/dog_american/american_pit_bull_terrier_141.jpg,american_pit_bull_terrier,dog,american pit bull terrier,dog_american,13,1
/Users/mnfom/Projects/cnn-Makarena-211/petfaces/dog_american/american_pit_bull_terrier_163.jpg,american_pit_bull_terrier,dog,american pit bull terrier,dog_american,13,1
/Users/mnfom/Projects/cnn-Makarena-211/petfaces/dog_chihuahua/chihuahua_128.jpg,chihuahua,dog,chihuahua,dog_chihuahua,17,1
/Users/mnfom/Projects/cnn-Makarena-211/petfaces/cat_Siamese/Siamese_112.jpg,Siamese,cat,Siamese,cat_Siamese,10,0
/Users/mnfom/Projects/cnn-Makarena-211/petfaces/dog_miniature/miniature_pinscher_180.jpg,miniature_pinscher,dog,miniature pinscher,dog_miniature,26,1
/Users/mnfom/Projects/cnn-Makarena-211/petfaces/dog_english/english_setter_186.jpg,english_setter,dog,english setter,dog_english,19,1
/Users/mnfom/Projects/cnn-Makarena-211/petfaces/dog_chihuahua/chihuahua_177.jpg,chihuahua,dog,chihuahua,dog_chihuahua,17,1
/Users/mnfom/Projects/cnn-Makarena-211/petfaces/dog_english/english_cocker_spaniel_129.jpg,english_cocker_spaniel,dog,english cocker spaniel,dog_english,18,1
/Users/mnfom/Projects/cnn-Makarena-211/petfaces/dog_miniature/miniature_pinscher_176.jpg,miniature_pinscher,dog,miniature pinscher,dog_miniature,26,1
/Users/mnfom/Projects/cnn-Makarena-211/petfaces/cat_Bengal/Bengal_107.jpg,Bengal,cat,Bengal,cat_Bengal,1,0
/Users/mnfom/Projects/cnn-Makarena-211/petfaces/dog_english/english_cocker_spaniel_148.jpg,english_cocker_spaniel,dog,english cocker spaniel,dog_english,18,1
/Users/mnfom/Projects/cnn-Makarena-211/petfaces/dog_beagle/beagle_178.jpg,beagle,dog,beagle,dog_beagle,15,1
/Users/mnfom/Projects/cnn-Makarena-211/petfaces/dog_boxer/boxer_113.jpg,boxer,dog,boxer,dog_boxer,16,1
/Users/mnfom/Projects/cnn-Makarena-211/petfaces/dog_pug/pug_101.jpg,pug,dog,pug,dog_pug,29,1
/Users/mnfom/Projects/cnn-Makarena-211/petfaces/dog_newfoundland/newfoundland_186.jpg,newfoundland,dog,newfoundland,dog_newfoundland,27,1
/Users/mnfom/Projects/cnn-Makarena-211/petfaces/cat_Maine/Maine_Coon_213.jpg,Maine_Coon,cat,Maine Coon,cat_Maine,6,0
/Users/mnfom/Projects/cnn-Makarena-211/petfaces/dog_shiba/shiba_inu_105.jpg,shiba_inu,dog,shiba inu,dog_shiba,33,1
/Users/mnfom/Projects/cnn-Makarena-211/petfaces/dog_english/english_setter_166.jpg,english_setter,dog,english setter,dog_english,19,1
/Users/mnfom/Projects/cnn-Makarena-211/petfaces/dog_pug/pug_17.jpg,pug,dog,pug,dog_pug,29,1
/Users/mnfom/Projects/cnn-Makarena-211/petfaces/dog_havanese/havanese_116.jpg,havanese,dog,havanese,dog_havanese,22,1
/Users/mnfom/Projects/cnn-Makarena-211/petfaces/dog_havanese/havanese_117.jpg,havanese,dog,havanese,dog_havanese,22,1
/Users/mnfom/Projects/cnn-Makarena-211/petfaces/dog_beagle/beagle_172.jpg,beagle,dog,beagle,dog_beagle,15,1
/Users/mnfom/Projects/cnn-Makarena-211/petfaces/dog_english/english_cocker_spaniel_140.jpg,english_cocker_spaniel,dog,english cocker spaniel,dog_english,18,1
/Users/mnfom/Projects/cnn-Makarena-211/petfaces/cat_British/British_Shorthair_17.jpg,British_Shorthair,cat,British Shorthair,cat_British,4,0
/Users/mnfom/Projects/cnn-Makarena-211/petfaces/cat_British/British_Shorthair_187.jpg,British_Shorthair,cat,British Shorthair,cat_British,4,0
/Users/mnfom/Projects/cnn-Makarena-211/petfaces/dog_keeshond/keeshond_100.jpg,keeshond,dog,keeshond,dog_keeshond,24,1
/Users/mnfom/Projects/cnn-Makarena-211/petfaces/cat_Maine/Maine_Coon_174.jpg,Maine_Coon,cat,Maine Coon,cat_Maine,6,0
/Users/mnfom/Projects/cnn-Makarena-211/petfaces/cat_Birman/Birman_15.jpg,Birman,cat,Birman,cat_Birman,2,0
/Users/mnfom/Projects/cnn-Makarena-211/petfaces/dog_miniature/miniature_pinscher_149.jpg,miniature_pinscher,dog,miniature pinscher,dog_miniature,26,1
/Users/mnfom/Projects/cnn-Makarena-211/petfaces/dog_yorkshire/yorkshire_terrier_125.jpg,yorkshire_terrier,dog,yorkshire terrier,dog_yorkshire,36,1
/Users/mnfom/Projects/cnn-Makarena-211/petfaces/dog_staffordshire/staffordshire_bull_terrier_184.jpg,staffordshire_bull_terrier,dog,staffordshire bull terrier,dog_staffordshire,34,1
/Users/mnfom/Projects/cnn-Makarena-211/petfaces/cat_British/British_Shorthair_130.jpg,British_Shorthair,cat,British Shorthair,cat_British,4,0
/Users/mnfom/Projects/cnn-Makarena-211/petfaces/dog_english/english_setter_133.jpg,english_setter,dog,english setter,dog_english,19,1
/Users/mnfom/Projects/cnn-Makarena-211/petfaces/dog_beagle/beagle_125.jpg,beagle,dog,beagle,dog_beagle,15,1
/Users/mnfom/Projects/cnn-Makarena-211/petfaces/dog_chihuahua/chihuahua_175.jpg,chihuahua,dog,chihuahua,dog_chihuahua,17,1
/Users/mnfom/Projects/cnn-Makarena-211/petfaces/dog_basset/basset_hound_179.jpg,basset_hound,dog,basset hound,dog_basset,14,1
/Users/mnfom/Projects/cnn-Makarena-211/petfaces/cat_Sphynx/Sphynx_137.jpg,Sphynx,cat,Sphynx,cat_Sphynx,11,0
/Users/mnfom/Projects/cnn-Makarena-211/petfaces/cat_Persian/Persian_137.jpg,Persian,cat,Persian,cat_Persian,7,0
/Users/mnfom/Projects/cnn-Makarena-211/petfaces/dog_american/american_pit_bull_terrier_179.jpg,american_pit_bull_terrier,dog,american pit bull terrier,dog_american,13,1
/Users/mnfom/Projects/cnn-Makarena-211/petfaces/dog_yorkshire/yorkshire_terrier_156.jpg,yorkshire_terrier,dog,yorkshire terrier,dog_yorkshire,36,1
/Users/mnfom/Projects/cnn-Makarena-211/petfaces/cat_Bombay/Bombay_128.jpg,Bombay,cat,Bombay,cat_Bombay,3,0
/Users/mnfom/Projects/cnn-Makarena-211/petfaces/dog_wheaten/wheaten_terrier_158.jpg,wheaten_terrier,dog,wheaten terrier,dog_wheaten,35,1
/Users/mnfom/Projects/cnn-Makarena-211/petfaces/dog_basset/basset_hound_119.jpg,basset_hound,dog,basset hound,dog_basset,14,1
/Users/mnfom/Projects/cnn-Makarena-211/petfaces/dog_basset/basset_hound_143.jpg,basset_hound,dog,basset hound,dog_basset,14,1
/Users/mnfom/Projects/cnn-Makarena-211/petfaces/cat_Sphynx/Sphynx_206.jpg,Sphynx,cat,Sphynx,cat_Sphynx,11,0
/Users/mnfom/Projects/cnn-Makarena-211/petfaces/dog_great/great_pyrenees_133.jpg,great_pyrenees,dog,great pyrenees,dog_great,21,1
/Users/mnfom/Projects/cnn-Makarena-211/petfaces/cat_British/British_Shorthair_108.jpg,British_Shorthair,cat,British Shorthair,cat_British,4,0
/Users/mnfom/Projects/cnn-Makarena-211/petfaces/dog_yorkshire/yorkshire_terrier_152.jpg,yorkshire_terrier,dog,yorkshire terrier,dog_yorkshire,36,1
/Users/mnfom/Projects/cnn-Makarena-211/petfaces/cat_Ragdoll/Ragdoll_195.jpg,Ragdoll,cat,Ragdoll,cat_Ragdoll,8,0
/Users/mnfom/Projects/cnn-Makarena-211/petfaces/dog_leonberger/leonberger_107.jpg,leonberger,dog,leonberger,dog_leonberger,25,1
/Users/mnfom/Projects/cnn-Makarena-211/petfaces/cat_Russian/Russian_Blue_169.jpg,Russian_Blue,cat,Russian Blue,cat_Russian,9,0
/Users/mnfom/Projects/cnn-Makarena-211/petfaces/dog_shiba/shiba_inu_118.jpg,shiba_inu,dog,shiba inu,dog_shiba,33,1
/Users/mnfom/Projects/cnn-Makarena-211/petfaces/dog_pug/pug_13.jpg,pug,dog,pug,dog_pug,29,1
/Users/mnfom/Projects/cnn-Makarena-211/petfaces/dog_newfoundland/newfoundland_147.jpg,newfoundland,dog,newfoundland,dog_newfoundland,27,1
/Users/mnfom/Projects/cnn-Makarena-211/petfaces/dog_yorkshire/yorkshire_terrier_120.jpg,yorkshire_terrier,dog,yorkshire terrier,dog_yorkshire,36,1
/Users/mnfom/Projects/cnn-Makarena-211/petfaces/cat_Persian/Persian_165.jpg,Persian,cat,Persian,cat_Persian,7,0
/Users/mnfom/Projects/cnn-Makarena-211/petfaces/dog_shiba/shiba_inu_170.jpg,shiba_inu,dog,shiba inu,dog_shiba,33,1
/Users/mnfom/Projects/cnn-Makarena-211/petfaces/dog_leonberger/leonberger_116.jpg,leonberger,dog,leonberger,dog_leonberger,25,1
/Users/mnfom/Projects/cnn-Makarena-211/petfaces/dog_keeshond/keeshond_171.jpg,keeshond,dog,keeshond,dog_keeshond,24,1
/Users/mnfom/Projects/cnn-Makarena-211/petfaces/dog_scottish/scottish_terrier_108.jpg,scottish_terrier,dog,scottish terrier,dog_scottish,32,1
/Users/mnfom/Projects/cnn-Makarena-211/petfaces/dog_pomeranian/pomeranian_139.jpg,pomeranian,dog,pomeranian,dog_pomeranian,28,1
/Users/mnfom/Projects/cnn-Makarena-211/petfaces/dog_american/american_pit_bull_terrier_133.jpg,american_pit_bull_terrier,dog,american pit bull terrier,dog_american,13,1
/Users/mnfom/Projects/cnn-Makarena-211/petfaces/dog_chihuahua/chihuahua_163.jpg,chihuahua,dog,chihuahua,dog_chihuahua,17,1
/Users/mnfom/Projects/cnn-Makarena-211/petfaces/dog_english/english_setter_177.jpg,english_setter,dog,english setter,dog_english,19,1
/Users/mnfom/Projects/cnn-Makarena-211/petfaces/dog_american/american_pit_bull_terrier_132.jpg,american_pit_bull_terrier,dog,american pit bull terrier,dog_american,13,1
/Users/mnfom/Projects/cnn-Makarena-211/petfaces/cat_Persian/Persian_190.jpg,Persian,cat,Persian,cat_Persian,7,0
/Users/mnfom/Projects/cnn-Makarena-211/petfaces/dog_miniature/miniature_pinscher_188.jpg,miniature_pinscher,dog,miniature pinscher,dog_miniature,26,1
/Users/mnfom/Projects/cnn-Makarena-211/petfaces/cat_Persian/Persian_174.jpg,Persian,cat,Persian,cat_Persian,7,0
/Users/mnfom/Projects/cnn-Makarena-211/petfaces/dog_great/great_pyrenees_18.jpg,great_pyrenees,dog,great pyrenees,dog_great,21,1
/Users/mnfom/Projects/cnn-Makarena-211/petfaces/dog_staffordshire/staffordshire_bull_terrier_147.jpg,staffordshire_bull_terrier,dog,staffordshire bull terrier,dog_staffordshire,34,1
/Users/mnfom/Projects/cnn-Makarena-211/petfaces/dog_havanese/havanese_104.jpg,havanese,dog,havanese,dog_havanese,22,1
/Users/mnfom/Projects/cnn-Makarena-211/petfaces/cat_Bombay/Bombay_119.jpg,Bombay,cat,Bombay,cat_Bombay,3,0
/Users/mnfom/Projects/cnn-Makarena-211/petfaces/cat_Birman/Birman_124.jpg,Birman,cat,Birman,cat_Birman,2,0
/Users/mnfom/Projects/cnn-Makarena-211/petfaces/dog_pomeranian/pomeranian_152.jpg,pomeranian,dog,pomeranian,dog_pomeranian,28,1
/Users/mnfom/Projects/cnn-Makarena-211/petfaces/dog_beagle/beagle_138.jpg,beagle,dog,beagle,dog_beagle,15,1
/Users/mnfom/Projects/cnn-Makarena-211/petfaces/dog_samoyed/samoyed_130.jpg,samoyed,dog,samoyed,dog_samoyed,31,1
/Users/mnfom/Projects/cnn-Makarena-211/petfaces/dog_newfoundland/newfoundland_118.jpg,newfoundland,dog,newfoundland,dog_newfoundland,27,1
/Users/mnfom/Projects/cnn-Makarena-211/petfaces/cat_Bengal/Bengal_160.jpg,Bengal,cat,Bengal,cat_Bengal,1,0
/Users/mnfom/Projects/cnn-Makarena-211/petfaces/dog_japanese/japanese_chin_137.jpg,japanese_chin,dog,japanese chin,dog_japanese,23,1
/Users/mnfom/Projects/cnn-Makarena-211/petfaces/dog_wheaten/wheaten_terrier_145.jpg,wheaten_terrier,dog,wheaten terrier,dog_wheaten,35,1
/Users/mnfom/Projects/cnn-Makarena-211/petfaces/dog_leonberger/leonberger_142.jpg,leonberger,dog,leonberger,dog_leonberger,25,1
/Users/mnfom/Projects/cnn-Makarena-211/petfaces/dog_wheaten/wheaten_terrier_111.jpg,wheaten_terrier,dog,wheaten terrier,dog_wheaten,35,1
/Users/mnfom/Projects/cnn-Makarena-211/petfaces/dog_basset/basset_hound_139.jpg,basset_hound,dog,basset hound,dog_basset,14,1
/Users/mnfom/Projects/cnn-Makarena-211/petfaces/dog_keeshond/keeshond_179.jpg,keeshond,dog,keeshond,dog_keeshond,24,1
/Users/mnfom/Projects/cnn-Makarena-211/petfaces/dog_boxer/boxer_170.jpg,boxer,dog,boxer,dog_boxer,16,1
/Users/mnfom/Projects/cnn-Makarena-211/petfaces/dog_american/american_pit_bull_terrier_123.jpg,american_pit_bull_terrier,dog,american pit bull terrier,dog_american,13,1
/Users/mnfom/Projects/cnn-Makarena-211/petfaces/dog_keeshond/keeshond_173.jpg,keeshond,dog,keeshond,dog_keeshond,24,1
/Users/mnfom/Projects/cnn-Makarena-211/petfaces/dog_keeshond/keeshond_184.jpg,keeshond,dog,keeshond,dog_keeshond,24,1
/Users/mnfom/Projects/cnn-Makarena-211/petfaces/cat_Sphynx/Sphynx_1.jpg,Sphynx,cat,Sphynx,cat_Sphynx,11,0
/Users/mnfom/Projects/cnn-Makarena-211/petfaces/dog_english/english_setter_149.jpg,english_setter,dog,english setter,dog_english,19,1
/Users/mnfom/Projects/cnn-Makarena-211/petfaces/dog_havanese/havanese_156.jpg,havanese,dog,havanese,dog_havanese,22,1
/Users/mnfom/Projects/cnn-Makarena-211/petfaces/dog_havanese/havanese_159.jpg,havanese,dog,havanese,dog_havanese,22,1
/Users/mnfom/Projects/cnn-Makarena-211/petfaces/dog_newfoundland/newfoundland_125.jpg,newfoundland,dog,newfoundland,dog_newfoundland,27,1
/Users/mnfom/Projects/cnn-Makarena-211/petfaces/dog_havanese/havanese_178.jpg,havanese,dog,havanese,dog_havanese,22,1
/Users/mnfom/Projects/cnn-Makarena-211/petfaces/dog_english/english_cocker_spaniel_167.jpg,english_cocker_spaniel,dog,english cocker spaniel,dog_english,18,1
/Users/mnfom/Projects/cnn-Makarena-211/petfaces/dog_great/great_pyrenees_168.jpg,great_pyrenees,dog,great pyrenees,dog_great,21,1
/Users/mnfom/Projects/cnn-Makarena-211/petfaces/dog_pomeranian/pomeranian_141.jpg,pomeranian,dog,pomeranian,dog_pomeranian,28,1
/Users/mnfom/Projects/cnn-Makarena-211/petfaces/cat_Russian/Russian_Blue_182.jpg,Russian_Blue,cat,Russian Blue,cat_Russian,9,0
/Users/mnfom/Projects/cnn-Makarena-211/petfaces/dog_scottish/scottish_terrier_117.jpg,scottish_terrier,dog,scottish terrier,dog_scottish,32,1
/Users/mnfom/Projects/cnn-Makarena-211/petfaces/dog_shiba/shiba_inu_147.jpg,shiba_inu,dog,shiba inu,dog_shiba,33,1
/Users/mnfom/Projects/cnn-Makarena-211/petfaces/dog_english/english_setter_114.jpg,english_setter,dog,english setter,dog_english,19,1
/Users/mnfom/Projects/cnn-Makarena-211/petfaces/dog_havanese/havanese_15.jpg,havanese,dog,havanese,dog_havanese,22,1
/Users/mnfom/Projects/cnn-Makarena-211/petfaces/cat_Sphynx/Sphynx_171.jpg,Sphynx,cat,Sphynx,cat_Sphynx,11,0
/Users/mnfom/Projects/cnn-Makarena-211/petfaces/dog_english/english_cocker_spaniel_114.jpg,english_cocker_spaniel,dog,english cocker spaniel,dog_english,18,1
/Users/mnfom/Projects/cnn-Makarena-211/petfaces/dog_chihuahua/chihuahua_142.jpg,chihuahua,dog,chihuahua,dog_chihuahua,17,1
/Users/mnfom/Projects/cnn-Makarena-211/petfaces/dog_english/english_setter_185.jpg,english_setter,dog,english setter,dog_english,19,1
/Users/mnfom/Projects/cnn-Makarena-211/petfaces/dog_beagle/beagle_173.jpg,beagle,dog,beagle,dog_beagle,15,1
/Users/mnfom/Projects/cnn-Makarena-211/petfaces/dog_american/american_pit_bull_terrier_16.jpg,american_pit_bull_terrier,dog,american pit bull terrier,dog_american,13,1
/Users/mnfom/Projects/cnn-Makarena-211/petfaces/dog_beagle/beagle_143.jpg,beagle,dog,beagle,dog_beagle,15,1
/Users/mnfom/Projects/cnn-Makarena-211/petfaces/cat_Maine/Maine_Coon_100.jpg,Maine_Coon,cat,Maine Coon,cat_Maine,6,0
/Users/mnfom/Projects/cnn-Makarena-211/petfaces/cat_Abyssinian/Abyssinian_192.jpg,Abyssinian,cat,Abyssinian,cat_Abyssinian,0,0
/Users/mnfom/Projects/cnn-Makarena-211/petfaces/cat_Persian/Persian_138.jpg,Persian,cat,Persian,cat_Persian,7,0
/Users/mnfom/Projects/cnn-Makarena-211/petfaces/dog_boxer/boxer_111.jpg,boxer,dog,boxer,dog_boxer,16,1
/Users/mnfom/Projects/cnn-Makarena-211/petfaces/dog_pomeranian/pomeranian_120.jpg,pomeranian,dog,pomeranian,dog_pomeranian,28,1
/Users/mnfom/Projects/cnn-Makarena-211/petfaces/cat_Ragdoll/Ragdoll_111.jpg,Ragdoll,cat,Ragdoll,cat_Ragdoll,8,0
/Users/mnfom/Projects/cnn-Makarena-211/petfaces/dog_staffordshire/staffordshire_bull_terrier_196.jpg,staffordshire_bull_terrier,dog,staffordshire bull terrier,dog_staffordshire,34,1
/Users/mnfom/Projects/cnn-Makarena-211/petfaces/dog_staffordshire/staffordshire_bull_terrier_118.jpg,staffordshire_bull_terrier,dog,staffordshire bull terrier,dog_staffordshire,34,1
/Users/mnfom/Projects/cnn-Makarena-211/petfaces/dog_scottish/scottish_terrier_171.jpg,scottish_terrier,dog,scottish terrier,dog_scottish,32,1
/Users/mnfom/Projects/cnn-Makarena-211/petfaces/dog_beagle/beagle_177.jpg,beagle,dog,beagle,dog_beagle,15,1
/Users/mnfom/Projects/cnn-Makarena-211/petfaces/cat_Maine/Maine_Coon_109.jpg,Maine_Coon,cat,Maine Coon,cat_Maine,6,0
/Users/mnfom/Projects/cnn-Makarena-211/petfaces/cat_Persian/Persian_118.jpg,Persian,cat,Persian,cat_Persian,7,0
/Users/mnfom/Projects/cnn-Makarena-211/petfaces/dog_yorkshire/yorkshire_terrier_190.jpg,yorkshire_terrier,dog,yorkshire terrier,dog_yorkshire,36,1
/Users/mnfom/Projects/cnn-Makarena-211/petfaces/dog_miniature/miniature_pinscher_127.jpg,miniature_pinscher,dog,miniature pinscher,dog_miniature,26,1
/Users/mnfom/Projects/cnn-Makarena-211/petfaces/cat_Maine/Maine_Coon_121.jpg,Maine_Coon,cat,Maine Coon,cat_Maine,6,0
/Users/mnfom/Projects/cnn-Makarena-211/petfaces/dog_saint/saint_bernard_149.jpg,saint_bernard,dog,saint bernard,dog_saint,30,1
/Users/mnfom/Projects/cnn-Makarena-211/petfaces/dog_english/english_cocker_spaniel_106.jpg,english_cocker_spaniel,dog,english cocker spaniel,dog_english,18,1
/Users/mnfom/Projects/cnn-Makarena-211/petfaces/dog_english/english_setter_159.jpg,english_setter,dog,english setter,dog_english,19,1
/Users/mnfom/Projects/cnn-Makarena-211/petfaces/dog_leonberger/leonberger_169.jpg,leonberger,dog,leonberger,dog_leonberger,25,1
/Users/mnfom/Projects/cnn-Makarena-211/petfaces/dog_boxer/boxer_137.jpg,boxer,dog,boxer,dog_boxer,16,1
/Users/mnfom/Projects/cnn-Makarena-211/petfaces/dog_german/german_shorthaired_13.jpg,german_shorthaired,dog,german shorthaired,dog_german,20,1
/Users/mnfom/Projects/cnn-Makarena-211/petfaces/dog_newfoundland/newfoundland_117.jpg,newfoundland,dog,newfoundland,dog_newfoundland,27,1
/Users/mnfom/Projects/cnn-Makarena-211/petfaces/cat_Persian/Persian_116.jpg,Persian,cat,Persian,cat_Persian,7,0
/Users/mnfom/Projects/cnn-Makarena-211/petfaces/cat_Persian/Persian_101.jpg,Persian,cat,Persian,cat_Persian,7,0
/Users/mnfom/Projects/cnn-Makarena-211/petfaces/cat_Ragdoll/Ragdoll_196.jpg,Ragdoll,cat,Ragdoll,cat_Ragdoll,8,0
/Users/mnfom/Projects/cnn-Makarena-211/petfaces/dog_samoyed/samoyed_189.jpg,samoyed,dog,samoyed,dog_samoyed,31,1
/Users/mnfom/Projects/cnn-Makarena-211/petfaces/cat_Egyptian/Egyptian_Mau_187.jpg,Egyptian_Mau,cat,Egyptian Mau,cat_Egyptian,5,0
/Users/mnfom/Projects/cnn-Makarena-211/petfaces/cat_British/British_Shorthair_144.jpg,British_Shorthair,cat,British Shorthair,cat_British,4,0
/Users/mnfom/Projects/cnn-Makarena-211/petfaces/dog_english/english_cocker_spaniel_180.jpg,english_cocker_spaniel,dog,english cocker spaniel,dog_english,18,1
/Users/mnfom/Projects/cnn-Makarena-211/petfaces/cat_Maine/Maine_Coon_207.jpg,Maine_Coon,cat,Maine Coon,cat_Maine,6,0
/Users/mnfom/Projects/cnn-Makarena-211/petfaces/cat_Persian/Persian_206.jpg,Persian,cat,Persian,cat_Persian,7,0
/Users/mnfom/Projects/cnn-Makarena-211/petfaces/cat_British/British_Shorthair_183.jpg,British_Shorthair,cat,British Shorthair,cat_British,4,0
/Users/mnfom/Projects/cnn-Makarena-211/petfaces/dog_staffordshire/staffordshire_bull_terrier_18.jpg,staffordshire_bull_terrier,dog,staffordshire bull terrier,dog_staffordshire,34,1
/Users/mnfom/Projects/cnn-Makarena-211/petfaces/dog_miniature/miniature_pinscher_107.jpg,miniature_pinscher,dog,miniature pinscher,dog_miniature,26,1
/Users/mnfom/Projects/cnn-Makarena-211/petfaces/dog_shiba/shiba_inu_132.jpg,shiba_inu,dog,shiba inu,dog_shiba,33,1
/Users/mnfom/Projects/cnn-Makarena-211/petfaces/dog_pug/pug_154.jpg,pug,dog,pug,dog_pug,29,1
/Users/mnfom/Projects/cnn-Makarena-211/petfaces/dog_scottish/scottish_terrier_128.jpg,scottish_terrier,dog,scottish terrier,dog_scottish,32,1
/Users/mnfom/Projects/cnn-Makarena-211/petfaces/cat_Ragdoll/Ragdoll_174.jpg,Ragdoll,cat,Ragdoll,cat_Ragdoll,8,0
/Users/mnfom/Projects/cnn-Makarena-211/petfaces/dog_miniature/miniature_pinscher_114.jpg,miniature_pinscher,dog,miniature pinscher,dog_miniature,26,1
/Users/mnfom/Projects/cnn-Makarena-211/petfaces/cat_British/British_Shorthair_203.jpg,British_Shorthair,cat,British Shorthair,cat_British,4,0
/Users/mnfom/Projects/cnn-Makarena-211/petfaces/dog_leonberger/leonberger_186.jpg,leonberger,dog,leonberger,dog_leonberger,25,1
/Users/mnfom/Projects/cnn-Makarena-211/petfaces/dog_shiba/shiba_inu_15.jpg,shiba_inu,dog,shiba inu,dog_shiba,33,1
/Users/mnfom/Projects/cnn-Makarena-211/petfaces/dog_leonberger/leonberger_168.jpg,leonberger,dog,leonberger,dog_leonberger,25,1
/Users/mnfom/Projects/cnn-Makarena-211/petfaces/dog_wheaten/wheaten_terrier_131.jpg,wheaten_terrier,dog,wheaten terrier,dog_wheaten,35,1
/Users/mnfom/Projects/cnn-Makarena-211/petfaces/cat_Bombay/Bombay_133.jpg,Bombay,cat,Bombay,cat_Bombay,3,0
/Users/mnfom/Projects/cnn-Makarena-211/petfaces/dog_japanese/japanese_chin_146.jpg,japanese_chin,dog,japanese chin,dog_japanese,23,1
/Users/mnfom/Projects/cnn-Makarena-211/petfaces/dog_samoyed/samoyed_107.jpg,samoyed,dog,samoyed,dog_samoyed,31,1
/Users/mnfom/Projects/cnn-Makarena-211/petfaces/cat_Maine/Maine_Coon_162.jpg,Maine_Coon,cat,Maine Coon,cat_Maine,6,0
/Users/mnfom/Projects/cnn-Makarena-211/petfaces/dog_great/great_pyrenees_175.jpg,great_pyrenees,dog,great pyrenees,dog_great,21,1
/Users/mnfom/Projects/cnn-Makarena-211/petfaces/cat_Bombay/Bombay_167.jpg,Bombay,cat,Bombay,cat_Bombay,3,0
/Users/mnfom/Projects/cnn-Makarena-211/petfaces/dog_pomeranian/pomeranian_131.jpg,pomeranian,dog,pomeranian,dog_pomeranian,28,1
/Users/mnfom/Projects/cnn-Makarena-211/petfaces/cat_Bombay/Bombay_129.jpg,Bombay,cat,Bombay,cat_Bombay,3,0
/Users/mnfom/Projects/cnn-Makarena-211/petfaces/cat_British/British_Shorthair_18.jpg,British_Shorthair,cat,British Shorthair,cat_British,4,0
/Users/mnfom/Projects/cnn-Makarena-211/petfaces/dog_saint/saint_bernard_152.jpg,saint_bernard,dog,saint bernard,dog_saint,30,1
/Users/mnfom/Projects/cnn-Makarena-211/petfaces/dog_german/german_shorthaired_161.jpg,german_shorthaired,dog,german shorthaired,dog_german,20,1
/Users/mnfom/Projects/cnn-Makarena-211/petfaces/cat_Bombay/Bombay_193.jpg,Bombay,cat,Bombay,cat_Bombay,3,0
/Users/mnfom/Projects/cnn-Makarena-211/petfaces/cat_Ragdoll/Ragdoll_126.jpg,Ragdoll,cat,Ragdoll,cat_Ragdoll,8,0
/Users/mnfom/Projects/cnn-Makarena-211/petfaces/cat_Ragdoll/Ragdoll_161.jpg,Ragdoll,cat,Ragdoll,cat_Ragdoll,8,0
/Users/mnfom/Projects/cnn-Makarena-211/petfaces/cat_Persian/Persian_115.jpg,Persian,cat,Persian,cat_Persian,7,0
/Users/mnfom/Projects/cnn-Makarena-211/petfaces/dog_american/american_bulldog_190.jpg,american_bulldog,dog,american bulldog,dog_american,12,1
/Users/mnfom/Projects/cnn-Makarena-211/petfaces/dog_american/american_pit_bull_terrier_181.jpg,american_pit_bull_terrier,dog,american pit bull terrier,dog_american,13,1
/Users/mnfom/Projects/cnn-Makarena-211/petfaces/dog_basset/basset_hound_183.jpg,basset_hound,dog,basset hound,dog_basset,14,1
/Users/mnfom/Projects/cnn-Makarena-211/petfaces/dog_miniature/miniature_pinscher_173.jpg,miniature_pinscher,dog,miniature pinscher,dog_miniature,26,1
/Users/mnfom/Projects/cnn-Makarena-211/petfaces/dog_pug/pug_112.jpg,pug,dog,pug,dog_pug,29,1
/Users/mnfom/Projects/cnn-Makarena-211/petfaces/dog_english/english_cocker_spaniel_139.jpg,english_cocker_spaniel,dog,english cocker spaniel,dog_english,18,1
/Users/mnfom/Projects/cnn-Makarena-211/petfaces/dog_newfoundland/newfoundland_127.jpg,newfoundland,dog,newfoundland,dog_newfoundland,27,1
/Users/mnfom/Projects/cnn-Makarena-211/petfaces/dog_samoyed/samoyed_174.jpg,samoyed,dog,samoyed,dog_samoyed,31,1
/Users/mnfom/Projects/cnn-Makarena-211/petfaces/cat_Persian/Persian_197.jpg,Persian,cat,Persian,cat_Persian,7,0
/Users/mnfom/Projects/cnn-Makarena-211/petfaces/cat_Russian/Russian_Blue_139.jpg,Russian_Blue,cat,Russian Blue,cat_Russian,9,0
/Users/mnfom/Projects/cnn-Makarena-211/petfaces/cat_Birman/Birman_153.jpg,Birman,cat,Birman,cat_Birman,2,0
/Users/mnfom/Projects/cnn-Makarena-211/petfaces/dog_pug/pug_116.jpg,pug,dog,pug,dog_pug,29,1
/Users/mnfom/Projects/cnn-Makarena-211/petfaces/dog_shiba/shiba_inu_14.jpg,shiba_inu,dog,shiba inu,dog_shiba,33,1
/Users/mnfom/Projects/cnn-Makarena-211/petfaces/dog_samoyed/samoyed_104.jpg,samoyed,dog,samoyed,dog_samoyed,31,1
/Users/mnfom/Projects/cnn-Makarena-211/petfaces/dog_leonberger/leonberger_18.jpg,leonberger,dog,leonberger,dog_leonberger,25,1
/Users/mnfom/Projects/cnn-Makarena-211/petfaces/cat_Birman/Birman_161.jpg,Birman,cat,Birman,cat_Birman,2,0
/Users/mnfom/Projects/cnn-Makarena-211/petfaces/cat_Abyssinian/Abyssinian_164.jpg,Abyssinian,cat,Abyssinian,cat_Abyssinian,0,0
/Users/mnfom/Projects/cnn-Makarena-211/petfaces/dog_boxer/boxer_164.jpg,boxer,dog,boxer,dog_boxer,16,1
/Users/mnfom/Projects/cnn-Makarena-211/petfaces/dog_pug/pug_168.jpg,pug,dog,pug,dog_pug,29,1
/Users/mnfom/Projects/cnn-Makarena-211/petfaces/dog_pomeranian/pomeranian_162.jpg,pomeranian,dog,pomeranian,dog_pomeranian,28,1
/Users/mnfom/Projects/cnn-Makarena-211/petfaces/cat_Birman/Birman_142.jpg,Birman,cat,Birman,cat_Birman,2,0
/Users/mnfom/Projects/cnn-Makarena-211/petfaces/dog_keeshond/keeshond_117.jpg,keeshond,dog,keeshond,dog_keeshond,24,1
/Users/mnfom/Projects/cnn-Makarena-211/petfaces/cat_Birman/Birman_178.jpg,Birman,cat,Birman,cat_Birman,2,0
/Users/mnfom/Projects/cnn-Makarena-211/petfaces/cat_Birman/Birman_187.jpg,Birman,cat,Birman,cat_Birman,2,0
/Users/mnfom/Projects/cnn-Makarena-211/petfaces/dog_leonberger/leonberger_133.jpg,leonberger,dog,leonberger,dog_leonberger,25,1
/Users/mnfom/Projects/cnn-Makarena-211/petfaces/dog_great/great_pyrenees_167.jpg,great_pyrenees,dog,great pyrenees,dog_great,21,1
/Users/mnfom/Projects/cnn-Makarena-211/petfaces/cat_Russian/Russian_Blue_149.jpg,Russian_Blue,cat,Russian Blue,cat_Russian,9,0
/Users/mnfom/Projects/cnn-Makarena-211/petfaces/dog_havanese/havanese_120.jpg,havanese,dog,havanese,dog_havanese,22,1
/Users/mnfom/Projects/cnn-Makarena-211/petfaces/dog_basset/basset_hound_103.jpg,basset_hound,dog,basset hound,dog_basset,14,1
/Users/mnfom/Projects/cnn-Makarena-211/petfaces/cat_Maine/Maine_Coon_176.jpg,Maine_Coon,cat,Maine Coon,cat_Maine,6,0
/Users/mnfom/Projects/cnn-Makarena-211/petfaces/dog_leonberger/leonberger_129.jpg,leonberger,dog,leonberger,dog_leonberger,25,1
/Users/mnfom/Projects/cnn-Makarena-211/petfaces/dog_great/great_pyrenees_143.jpg,great_pyrenees,dog,great pyrenees,dog_great,21,1
/Users/mnfom/Projects/cnn-Makarena-211/petfaces/dog_chihuahua/chihuahua_116.jpg,chihuahua,dog,chihuahua,dog_chihuahua,17,1
/Users/mnfom/Projects/cnn-Makarena-211/petfaces/dog_american/american_pit_bull_terrier_103.jpg,american_pit_bull_terrier,dog,american pit bull terrier,dog_american,13,1
/Users/mnfom/Projects/cnn-Makarena-211/petfaces/cat_Sphynx/Sphynx_19.jpg,Sphynx,cat,Sphynx,cat_Sphynx,11,0
/Users/mnfom/Projects/cnn-Makarena-211/petfaces/cat_Russian/Russian_Blue_161.jpg,Russian_Blue,cat,Russian Blue,cat_Russian,9,0
/Users/mnfom/Projects/cnn-Makarena-211/petfaces/cat_Sphynx/Sphynx_193.jpg,Sphynx,cat,Sphynx,cat_Sphynx,11,0
/Users/mnfom/Projects/cnn-Makarena-211/petfaces/cat_Russian/Russian_Blue_146.jpg,Russian_Blue,cat,Russian Blue,cat_Russian,9,0
/Users/mnfom/Projects/cnn-Makarena-211/petfaces/cat_Egyptian/Egyptian_Mau_121.jpg,Egyptian_Mau,cat,Egyptian Mau,cat_Egyptian,5,0
/Users/mnfom/Projects/cnn-Makarena-211/petfaces/dog_german/german_shorthaired_123.jpg,german_shorthaired,dog,german shorthaired,dog_german,20,1
/Users/mnfom/Projects/cnn-Makarena-211/petfaces/dog_yorkshire/yorkshire_terrier_169.jpg,yorkshire_terrier,dog,yorkshire terrier,dog_yorkshire,36,1
/Users/mnfom/Projects/cnn-Makarena-211/petfaces/cat_Birman/Birman_144.jpg,Birman,cat,Birman,cat_Birman,2,0
/Users/mnfom/Projects/cnn-Makarena-211/petfaces/dog_english/english_setter_119.jpg,english_setter,dog,english setter,dog_english,19,1
/Users/mnfom/Projects/cnn-Makarena-211/petfaces/cat_Bengal/Bengal_103.jpg,Bengal,cat,Bengal,cat_Bengal,1,0
/Users/mnfom/Projects/cnn-Makarena-211/petfaces/dog_miniature/miniature_pinscher_13.jpg,miniature_pinscher,dog,miniature pinscher,dog_miniature,26,1
/Users/mnfom/Projects/cnn-Makarena-211/petfaces/dog_pug/pug_166.jpg,pug,dog,pug,dog_pug,29,1
/Users/mnfom/Projects/cnn-Makarena-211/petfaces/cat_Persian/Persian_136.jpg,Persian,cat,Persian,cat_Persian,7,0
/Users/mnfom/Projects/cnn-Makarena-211/petfaces/dog_german/german_shorthaired_169.jpg,german_shorthaired,dog,german shorthaired,dog_german,20,1
/Users/mnfom/Projects/cnn-Makarena-211/petfaces/dog_boxer/boxer_181.jpg,boxer,dog,boxer,dog_boxer,16,1
/Users/mnfom/Projects/cnn-Makarena-211/petfaces/cat_Egyptian/Egyptian_Mau_12.jpg,Egyptian_Mau,cat,Egyptian Mau,cat_Egyptian,5,0
/Users/mnfom/Projects/cnn-Makarena-211/petfaces/cat_Maine/Maine_Coon_194.jpg,Maine_Coon,cat,Maine Coon,cat_Maine,6,0
/Users/mnfom/Projects/cnn-Makarena-211/petfaces/cat_Maine/Maine_Coon_141.jpg,Maine_Coon,cat,Maine Coon,cat_Maine,6,0
/Users/mnfom/Projects/cnn-Makarena-211/petfaces/dog_pomeranian/pomeranian_123.jpg,pomeranian,dog,pomeranian,dog_pomeranian,28,1
/Users/mnfom/Projects/cnn-Makarena-211/petfaces/cat_Russian/Russian_Blue_118.jpg,Russian_Blue,cat,Russian Blue,cat_Russian,9,0
/Users/mnfom/Projects/cnn-Makarena-211/petfaces/cat_Siamese/Siamese_187.jpg,Siamese,cat,Siamese,cat_Siamese,10,0
/Users/mnfom/Projects/cnn-Makarena-211/petfaces/cat_Sphynx/Sphynx_165.jpg,Sphynx,cat,Sphynx,cat_Sphynx,11,0
/Users/mnfom/Projects/cnn-Makarena-211/petfaces/cat_Sphynx/Sphynx_203.jpg,Sphynx,cat,Sphynx,cat_Sphynx,11,0
/Users/mnfom/Projects/cnn-Makarena-211/petfaces/dog_saint/saint_bernard_165.jpg,saint_bernard,dog,saint bernard,dog_saint,30,1
/Users/mnfom/Projects/cnn-Makarena-211/petfaces/dog_pomeranian/pomeranian_12.jpg,pomeranian,dog,pomeranian,dog_pomeranian,28,1
/Users/mnfom/Projects/cnn-Makarena-211/petfaces/dog_english/english_cocker_spaniel_108.jpg,english_cocker_spaniel,dog,english cocker spaniel,dog_english,18,1
/Users/mnfom/Projects/cnn-Makarena-211/petfaces/dog_leonberger/leonberger_159.jpg,leonberger,dog,leonberger,dog_leonberger,25,1
/Users/mnfom/Projects/cnn-Makarena-211/petfaces/cat_Siamese/Siamese_139.jpg,Siamese,cat,Siamese,cat_Siamese,10,0
/Users/mnfom/Projects/cnn-Makarena-211/petfaces/cat_Egyptian/Egyptian_Mau_152.jpg,Egyptian_Mau,cat,Egyptian Mau,cat_Egyptian,5,0
/Users/mnfom/Projects/cnn-Makarena-211/petfaces/dog_japanese/japanese_chin_168.jpg,japanese_chin,dog,japanese chin,dog_japanese,23,1
/Users/mnfom/Projects/cnn-Makarena-211/petfaces/cat_British/British_Shorthair_10.jpg,British_Shorthair,cat,British Shorthair,cat_British,4,0
/Users/mnfom/Projects/cnn-Makarena-211/petfaces/cat_Ragdoll/Ragdoll_135.jpg,Ragdoll,cat,Ragdoll,cat_Ragdoll,8,0
/Users/mnfom/Projects/cnn-Makarena-211/petfaces/cat_Birman/Birman_184.jpg,Birman,cat,Birman,cat_Birman,2,0
/Users/mnfom/Projects/cnn-Makarena-211/petfaces/dog_keeshond/keeshond_120.jpg,keeshond,dog,keeshond,dog_keeshond,24,1
/Users/mnfom/Projects/cnn-Makarena-211/petfaces/cat_Sphynx/Sphynx_205.jpg,Sphynx,cat,Sphynx,cat_Sphynx,11,0
/Users/mnfom/Projects/cnn-Makarena-211/petfaces/dog_leonberger/leonberger_181.jpg,leonberger,dog,leonberger,dog_leonberger,25,1
/Users/mnfom/Projects/cnn-Makarena-211/petfaces/dog_shiba/shiba_inu_135.jpg,shiba_inu,dog,shiba inu,dog_shiba,33,1
/Users/mnfom/Projects/cnn-Makarena-211/petfaces/dog_staffordshire/staffordshire_bull_terrier_177.jpg,staffordshire_bull_terrier,dog,staffordshire bull terrier,dog_staffordshire,34,1
/Users/mnfom/Projects/cnn-Makarena-211/petfaces/dog_havanese/havanese_133.jpg,havanese,dog,havanese,dog_havanese,22,1
/Users/mnfom/Projects/cnn-Makarena-211/petfaces/cat_Siamese/Siamese_117.jpg,Siamese,cat,Siamese,cat_Siamese,10,0
/Users/mnfom/Projects/cnn-Makarena-211/petfaces/cat_Egyptian/Egyptian_Mau_120.jpg,Egyptian_Mau,cat,Egyptian Mau,cat_Egyptian,5,0
/Users/mnfom/Projects/cnn-Makarena-211/petfaces/cat_Birman/Birman_119.jpg,Birman,cat,Birman,cat_Birman,2,0
/Users/mnfom/Projects/cnn-Makarena-211/petfaces/dog_english/english_setter_143.jpg,english_setter,dog,english setter,dog_english,19,1
/Users/mnfom/Projects/cnn-Makarena-211/petfaces/dog_basset/basset_hound_151.jpg,basset_hound,dog,basset hound,dog_basset,14,1
/Users/mnfom/Projects/cnn-Makarena-211/petfaces/dog_havanese/havanese_138.jpg,havanese,dog,havanese,dog_havanese,22,1
/Users/mnfom/Projects/cnn-Makarena-211/petfaces/cat_Bombay/Bombay_170.jpg,Bombay,cat,Bombay,cat_Bombay,3,0
/Users/mnfom/Projects/cnn-Makarena-211/petfaces/dog_american/american_pit_bull_terrier_162.jpg,american_pit_bull_terrier,dog,american pit bull terrier,dog_american,13,1
/Users/mnfom/Projects/cnn-Makarena-211/petfaces/dog_german/german_shorthaired_179.jpg,german_shorthaired,dog,german shorthaired,dog_german,20,1
/Users/mnfom/Projects/cnn-Makarena-211/petfaces/dog_boxer/boxer_108.jpg,boxer,dog,boxer,dog_boxer,16,1
/Users/mnfom/Projects/cnn-Makarena-211/petfaces/cat_Persian/Persian_149.jpg,Persian,cat,Persian,cat_Persian,7,0
/Users/mnfom/Projects/cnn-Makarena-211/petfaces/dog_great/great_pyrenees_142.jpg,great_pyrenees,dog,great pyrenees,dog_great,21,1
/Users/mnfom/Projects/cnn-Makarena-211/petfaces/dog_pug/pug_16.jpg,pug,dog,pug,dog_pug,29,1
/Users/mnfom/Projects/cnn-Makarena-211/petfaces/dog_american/american_bulldog_150.jpg,american_bulldog,dog,american bulldog,dog_american,12,1
/Users/mnfom/Projects/cnn-Makarena-211/petfaces/dog_english/english_cocker_spaniel_13.jpg,english_cocker_spaniel,dog,english cocker spaniel,dog_english,18,1
/Users/mnfom/Projects/cnn-Makarena-211/petfaces/cat_Russian/Russian_Blue_196.jpg,Russian_Blue,cat,Russian Blue,cat_Russian,9,0
/Users/mnfom/Projects/cnn-Makarena-211/petfaces/dog_basset/basset_hound_145.jpg,basset_hound,dog,basset hound,dog_basset,14,1
/Users/mnfom/Projects/cnn-Makarena-211/petfaces/dog_pug/pug_132.jpg,pug,dog,pug,dog_pug,29,1
/Users/mnfom/Projects/cnn-Makarena-211/petfaces/dog_samoyed/samoyed_138.jpg,samoyed,dog,samoyed,dog_samoyed,31,1
/Users/mnfom/Projects/cnn-Makarena-211/petfaces/cat_Maine/Maine_Coon_186.jpg,Maine_Coon,cat,Maine Coon,cat_Maine,6,0
/Users/mnfom/Projects/cnn-Makarena-211/petfaces/dog_american/american_pit_bull_terrier_172.jpg,american_pit_bull_terrier,dog,american pit bull terrier,dog_american,13,1
/Users/mnfom/Projects/cnn-Makarena-211/petfaces/cat_Bombay/Bombay_173.jpg,Bombay,cat,Bombay,cat_Bombay,3,0
/Users/mnfom/Projects/cnn-Makarena-211/petfaces/dog_english/english_setter_110.jpg,english_setter,dog,english setter,dog_english,19,1
/Users/mnfom/Projects/cnn-Makarena-211/petfaces/dog_staffordshire/staffordshire_bull_terrier_171.jpg,staffordshire_bull_terrier,dog,staffordshire bull terrier,dog_staffordshire,34,1
/Users/mnfom/Projects/cnn-Makarena-211/petfaces/cat_Birman/Birman_163.jpg,Birman,cat,Birman,cat_Birman,2,0
/Users/mnfom/Projects/cnn-Makarena-211/petfaces/cat_Maine/Maine_Coon_116.jpg,Maine_Coon,cat,Maine Coon,cat_Maine,6,0
/Users/mnfom/Projects/cnn-Makarena-211/petfaces/cat_Bombay/Bombay_138.jpg,Bombay,cat,Bombay,cat_Bombay,3,0
/Users/mnfom/Projects/cnn-Makarena-211/petfaces/dog_japanese/japanese_chin_185.jpg,japanese_chin,dog,japanese chin,dog_japanese,23,1
/Users/mnfom/Projects/cnn-Makarena-211/petfaces/dog_boxer/boxer_172.jpg,boxer,dog,boxer,dog_boxer,16,1
/Users/mnfom/Projects/cnn-Makarena-211/petfaces/cat_Bengal/Bengal_112.jpg,Bengal,cat,Bengal,cat_Bengal,1,0
/Users/mnfom/Projects/cnn-Makarena-211/petfaces/dog_german/german_shorthaired_114.jpg,german_shorthaired,dog,german shorthaired,dog_german,20,1
/Users/mnfom/Projects/cnn-Makarena-211/petfaces/dog_chihuahua/chihuahua_133.jpg,chihuahua,dog,chihuahua,dog_chihuahua,17,1
/Users/mnfom/Projects/cnn-Makarena-211/petfaces/dog_boxer/boxer_139.jpg,boxer,dog,boxer,dog_boxer,16,1
/Users/mnfom/Projects/cnn-Makarena-211/petfaces/cat_British/British_Shorthair_173.jpg,British_Shorthair,cat,British Shorthair,cat_British,4,0
/Users/mnfom/Projects/cnn-Makarena-211/petfaces/dog_staffordshire/staffordshire_bull_terrier_180.jpg,staffordshire_bull_terrier,dog,staffordshire bull terrier,dog_staffordshire,34,1
/Users/mnfom/Projects/cnn-Makarena-211/petfaces/dog_shiba/shiba_inu_180.jpg,shiba_inu,dog,shiba inu,dog_shiba,33,1
/Users/mnfom/Projects/cnn-Makarena-211/petfaces/cat_Egyptian/Egyptian_Mau_155.jpg,Egyptian_Mau,cat,Egyptian Mau,cat_Egyptian,5,0
/Users/mnfom/Projects/cnn-Makarena-211/petfaces/dog_yorkshire/yorkshire_terrier_164.jpg,yorkshire_terrier,dog,yorkshire terrier,dog_yorkshire,36,1
/Users/mnfom/Projects/cnn-Makarena-211/petfaces/dog_japanese/japanese_chin_127.jpg,japanese_chin,dog,japanese chin,dog_japanese,23,1
/Users/mnfom/Projects/cnn-Makarena-211/petfaces/cat_Sphynx/Sphynx_198.jpg,Sphynx,cat,Sphynx,cat_Sphynx,11,0
/Users/mnfom/Projects/cnn-Makarena-211/petfaces/dog_scottish/scottish_terrier_136.jpg,scottish_terrier,dog,scottish terrier,dog_scottish,32,1
/Users/mnfom/Projects/cnn-Makarena-211/petfaces/cat_British/British_Shorthair_119.jpg,British_Shorthair,cat,British Shorthair,cat_British,4,0
/Users/mnfom/Projects/cnn-Makarena-211/petfaces/dog_leonberger/leonberger_15.jpg,leonberger,dog,leonberger,dog_leonberger,25,1
/Users/mnfom/Projects/cnn-Makarena-211/petfaces/cat_Russian/Russian_Blue_159.jpg,Russian_Blue,cat,Russian Blue,cat_Russian,9,0
/Users/mnfom/Projects/cnn-Makarena-211/petfaces/cat_Maine/Maine_Coon_145.jpg,Maine_Coon,cat,Maine Coon,cat_Maine,6,0
/Users/mnfom/Projects/cnn-Makarena-211/petfaces/cat_Siamese/Siamese_200.jpg,Siamese,cat,Siamese,cat_Siamese,10,0
/Users/mnfom/Projects/cnn-Makarena-211/petfaces/dog_shiba/shiba_inu_194.jpg,shiba_inu,dog,shiba inu,dog_shiba,33,1
/Users/mnfom/Projects/cnn-Makarena-211/petfaces/dog_havanese/havanese_158.jpg,havanese,dog,havanese,dog_havanese,22,1
/Users/mnfom/Projects/cnn-Makarena-211/petfaces/dog_wheaten/wheaten_terrier_105.jpg,wheaten_terrier,dog,wheaten terrier,dog_wheaten,35,1
/Users/mnfom/Projects/cnn-Makarena-211/petfaces/cat_Sphynx/Sphynx_168.jpg,Sphynx,cat,Sphynx,cat_Sphynx,11,0
/Users/mnfom/Projects/cnn-Makarena-211/petfaces/dog_keeshond/keeshond_17.jpg,keeshond,dog,keeshond,dog_keeshond,24,1
/Users/mnfom/Projects/cnn-Makarena-211/petfaces/dog_chihuahua/chihuahua_171.jpg,chihuahua,dog,chihuahua,dog_chihuahua,17,1
/Users/mnfom/Projects/cnn-Makarena-211/petfaces/cat_Russian/Russian_Blue_13.jpg,Russian_Blue,cat,Russian Blue,cat_Russian,9,0
/Users/mnfom/Projects/cnn-Makarena-211/petfaces/dog_scottish/scottish_terrier_106.jpg,scottish_terrier,dog,scottish terrier,dog_scottish,32,1
/Users/mnfom/Projects/cnn-Makarena-211/petfaces/dog_havanese/havanese_100.jpg,havanese,dog,havanese,dog_havanese,22,1
/Users/mnfom/Projects/cnn-Makarena-211/petfaces/dog_keeshond/keeshond_145.jpg,keeshond,dog,keeshond,dog_keeshond,24,1
/Users/mnfom/Projects/cnn-Makarena-211/petfaces/cat_Abyssinian/Abyssinian_127.jpg,Abyssinian,cat,Abyssinian,cat_Abyssinian,0,0
/Users/mnfom/Projects/cnn-Makarena-211/petfaces/dog_basset/basset_hound_121.jpg,basset_hound,dog,basset hound,dog_basset,14,1
/Users/mnfom/Projects/cnn-Makarena-211/petfaces/cat_Egyptian/Egyptian_Mau_138.jpg,Egyptian_Mau,cat,Egyptian Mau,cat_Egyptian,5,0
/Users/mnfom/Projects/cnn-Makarena-211/petfaces/cat_Egyptian/Egyptian_Mau_146.jpg,Egyptian_Mau,cat,Egyptian Mau,cat_Egyptian,5,0
/Users/mnfom/Projects/cnn-Makarena-211/petfaces/dog_newfoundland/newfoundland_160.jpg,newfoundland,dog,newfoundland,dog_newfoundland,27,1
/Users/mnfom/Projects/cnn-Makarena-211/petfaces/dog_pomeranian/pomeranian_164.jpg,pomeranian,dog,pomeranian,dog_pomeranian,28,1
/Users/mnfom/Projects/cnn-Makarena-211/petfaces/cat_British/British_Shorthair_141.jpg,British_Shorthair,cat,British Shorthair,cat_British,4,0
/Users/mnfom/Projects/cnn-Makarena-211/petfaces/dog_japanese/japanese_chin_139.jpg,japanese_chin,dog,japanese chin,dog_japanese,23,1
/Users/mnfom/Projects/cnn-Makarena-211/petfaces/dog_pomeranian/pomeranian_18.jpg,pomeranian,dog,pomeranian,dog_pomeranian,28,1
/Users/mnfom/Projects/cnn-Makarena-211/petfaces/dog_japanese/japanese_chin_124.jpg,japanese_chin,dog,japanese chin,dog_japanese,23,1
/Users/mnfom/Projects/cnn-Makarena-211/petfaces/dog_newfoundland/newfoundland_132.jpg,newfoundland,dog,newfoundland,dog_newfoundland,27,1
/Users/mnfom/Projects/cnn-Makarena-211/petfaces/dog_miniature/miniature_pinscher_17.jpg,miniature_pinscher,dog,miniature pinscher,dog_miniature,26,1
/Users/mnfom/Projects/cnn-Makarena-211/petfaces/cat_British/British_Shorthair_166.jpg,British_Shorthair,cat,British Shorthair,cat_British,4,0
/Users/mnfom/Projects/cnn-Makarena-211/petfaces/dog_miniature/miniature_pinscher_105.jpg,miniature_pinscher,dog,miniature pinscher,dog_miniature,26,1
/Users/mnfom/Projects/cnn-Makarena-211/petfaces/dog_samoyed/samoyed_16.jpg,samoyed,dog,samoyed,dog_samoyed,31,1
/Users/mnfom/Projects/cnn-Makarena-211/petfaces/dog_wheaten/wheaten_terrier_153.jpg,wheaten_terrier,dog,wheaten terrier,dog_wheaten,35,1
/Users/mnfom/Projects/cnn-Makarena-211/petfaces/dog_newfoundland/newfoundland_180.jpg,newfoundland,dog,newfoundland,dog_newfoundland,27,1
/Users/mnfom/Projects/cnn-Makarena-211/petfaces/cat_Bombay/Bombay_107.jpg,Bombay,cat,Bombay,cat_Bombay,3,0
/Users/mnfom/Projects/cnn-Makarena-211/petfaces/dog_keeshond/keeshond_124.jpg,keeshond,dog,keeshond,dog_keeshond,24,1
/Users/mnfom/Projects/cnn-Makarena-211/petfaces/dog_boxer/boxer_10.jpg,boxer,dog,boxer,dog_boxer,16,1
/Users/mnfom/Projects/cnn-Makarena-211/petfaces/cat_Ragdoll/Ragdoll_179.jpg,Ragdoll,cat,Ragdoll,cat_Ragdoll,8,0
/Users/mnfom/Projects/cnn-Makarena-211/petfaces/dog_scottish/scottish_terrier_185.jpg,scottish_terrier,dog,scottish terrier,dog_scottish,32,1
/Users/mnfom/Projects/cnn-Makarena-211/petfaces/cat_Persian/Persian_158.jpg,Persian,cat,Persian,cat_Persian,7,0
/Users/mnfom/Projects/cnn-Makarena-211/petfaces/cat_Russian/Russian_Blue_150.jpg,Russian_Blue,cat,Russian Blue,cat_Russian,9,0
/Users/mnfom/Projects/cnn-Makarena-211/petfaces/cat_Siamese/Siamese_131.jpg,Siamese,cat,Siamese,cat_Siamese,10,0
/Users/mnfom/Projects/cnn-Makarena-211/petfaces/cat_Ragdoll/Ragdoll_137.jpg,Ragdoll,cat,Ragdoll,cat_Ragdoll,8,0
/Users/mnfom/Projects/cnn-Makarena-211/petfaces/dog_english/english_setter_134.jpg,english_setter,dog,english setter,dog_english,19,1
/Users/mnfom/Projects/cnn-Makarena-211/petfaces/dog_american/american_bulldog_171.jpg,american_bulldog,dog,american bulldog,dog_american,12,1
/Users/mnfom/Projects/cnn-Makarena-211/petfaces/cat_Siamese/Siamese_184.jpg,Siamese,cat,Siamese,cat_Siamese,10,0
/Users/mnfom/Projects/cnn-Makarena-211/petfaces/dog_german/german_shorthaired_144.jpg,german_shorthaired,dog,german shorthaired,dog_german,20,1
/Users/mnfom/Projects/cnn-Makarena-211/petfaces/dog_pug/pug_103.jpg,pug,dog,pug,dog_pug,29,1
/Users/mnfom/Projects/cnn-Makarena-211/petfaces/dog_yorkshire/yorkshire_terrier_165.jpg,yorkshire_terrier,dog,yorkshire terrier,dog_yorkshire,36,1
/Users/mnfom/Projects/cnn-Makarena-211/petfaces/cat_British/British_Shorthair_157.jpg,British_Shorthair,cat,British Shorthair,cat_British,4,0
/Users/mnfom/Projects/cnn-Makarena-211/petfaces/cat_Persian/Persian_161.jpg,Persian,cat,Persian,cat_Persian,7,0
/Users/mnfom/Projects/cnn-Makarena-211/petfaces/dog_saint/saint_bernard_176.jpg,saint_bernard,dog,saint bernard,dog_saint,30,1
/Users/mnfom/Projects/cnn-Makarena-211/petfaces/dog_miniature/miniature_pinscher_156.jpg,miniature_pinscher,dog,miniature pinscher,dog_miniature,26,1
/Users/mnfom/Projects/cnn-Makarena-211/petfaces/cat_Russian/Russian_Blue_131.jpg,Russian_Blue,cat,Russian Blue,cat_Russian,9,0
/Users/mnfom/Projects/cnn-Makarena-211/petfaces/dog_scottish/scottish_terrier_188.jpg,scottish_terrier,dog,scottish terrier,dog_scottish,32,1
/Users/mnfom/Projects/cnn-Makarena-211/petfaces/dog_english/english_setter_170.jpg,english_setter,dog,english setter,dog_english,19,1
/Users/mnfom/Projects/cnn-Makarena-211/petfaces/dog_leonberger/leonberger_175.jpg,leonberger,dog,leonberger,dog_leonberger,25,1
/Users/mnfom/Projects/cnn-Makarena-211/petfaces/dog_miniature/miniature_pinscher_158.jpg,miniature_pinscher,dog,miniature pinscher,dog_miniature,26,1
/Users/mnfom/Projects/cnn-Makarena-211/petfaces/cat_Maine/Maine_Coon_147.jpg,Maine_Coon,cat,Maine Coon,cat_Maine,6,0
/Users/mnfom/Projects/cnn-Makarena-211/petfaces/dog_yorkshire/yorkshire_terrier_147.jpg,yorkshire_terrier,dog,yorkshire terrier,dog_yorkshire,36,1
/Users/mnfom/Projects/cnn-Makarena-211/petfaces/dog_american/american_bulldog_114.jpg,american_bulldog,dog,american bulldog,dog_american,12,1
/Users/mnfom/Projects/cnn-Makarena-211/petfaces/dog_great/great_pyrenees_134.jpg,great_pyrenees,dog,great pyrenees,dog_great,21,1
/Users/mnfom/Projects/cnn-Makarena-211/petfaces/dog_miniature/miniature_pinscher_183.jpg,miniature_pinscher,dog,miniature pinscher,dog_miniature,26,1
/Users/mnfom/Projects/cnn-Makarena-211/petfaces/dog_saint/saint_bernard_13.jpg,saint_bernard,dog,saint bernard,dog_saint,30,1
/Users/mnfom/Projects/cnn-Makarena-211/petfaces/dog_great/great_pyrenees_125.jpg,great_pyrenees,dog,great pyrenees,dog_great,21,1
/Users/mnfom/Projects/cnn-Makarena-211/petfaces/dog_miniature/miniature_pinscher_178.jpg,miniature_pinscher,dog,miniature pinscher,dog_miniature,26,1
/Users/mnfom/Projects/cnn-Makarena-211/petfaces/dog_leonberger/leonberger_146.jpg,leonberger,dog,leonberger,dog_leonberger,25,1
/Users/mnfom/Projects/cnn-Makarena-211/petfaces/dog_american/american_pit_bull_terrier_110.jpg,american_pit_bull_terrier,dog,american pit bull terrier,dog_american,13,1
/Users/mnfom/Projects/cnn-Makarena-211/petfaces/dog_english/english_cocker_spaniel_144.jpg,english_cocker_spaniel,dog,english cocker spaniel,dog_english,18,1
/Users/mnfom/Projects/cnn-Makarena-211/petfaces/dog_japanese/japanese_chin_188.jpg,japanese_chin,dog,japanese chin,dog_japanese,23,1
/Users/mnfom/Projects/cnn-Makarena-211/petfaces/dog_american/american_pit_bull_terrier_149.jpg,american_pit_bull_terrier,dog,american pit bull terrier,dog_american,13,1
/Users/mnfom/Projects/cnn-Makarena-211/petfaces/cat_Bombay/Bombay_130.jpg,Bombay,cat,Bombay,cat_Bombay,3,0
/Users/mnfom/Projects/cnn-Makarena-211/petfaces/cat_Maine/Maine_Coon_160.jpg,Maine_Coon,cat,Maine Coon,cat_Maine,6,0
/Users/mnfom/Projects/cnn-Makarena-211/petfaces/dog_american/american_pit_bull_terrier_104.jpg,american_pit_bull_terrier,dog,american pit bull terrier,dog_american,13,1
/Users/mnfom/Projects/cnn-Makarena-211/petfaces/dog_chihuahua/chihuahua_113.jpg,chihuahua,dog,chihuahua,dog_chihuahua,17,1
/Users/mnfom/Projects/cnn-Makarena-211/petfaces/cat_Abyssinian/Abyssinian_114.jpg,Abyssinian,cat,Abyssinian,cat_Abyssinian,0,0
/Users/mnfom/Projects/cnn-Makarena-211/petfaces/dog_havanese/havanese_126.jpg,havanese,dog,havanese,dog_havanese,22,1
/Users/mnfom/Projects/cnn-Makarena-211/petfaces/cat_Persian/Persian_164.jpg,Persian,cat,Persian,cat_Persian,7,0
/Users/mnfom/Projects/cnn-Makarena-211/petfaces/dog_beagle/beagle_115.jpg,beagle,dog,beagle,dog_beagle,15,1
/Users/mnfom/Projects/cnn-Makarena-211/petfaces/cat_British/British_Shorthair_170.jpg,British_Shorthair,cat,British Shorthair,cat_British,4,0
/Users/mnfom/Projects/cnn-Makarena-211/petfaces/cat_Maine/Maine_Coon_154.jpg,Maine_Coon,cat,Maine Coon,cat_Maine,6,0
/Users/mnfom/Projects/cnn-Makarena-211/petfaces/dog_boxer/boxer_132.jpg,boxer,dog,boxer,dog_boxer,16,1
/Users/mnfom/Projects/cnn-Makarena-211/petfaces/cat_Ragdoll/Ragdoll_128.jpg,Ragdoll,cat,Ragdoll,cat_Ragdoll,8,0
/Users/mnfom/Projects/cnn-Makarena-211/petfaces/dog_shiba/shiba_inu_121.jpg,shiba_inu,dog,shiba inu,dog_shiba,33,1
/Users/mnfom/Projects/cnn-Makarena-211/petfaces/dog_saint/saint_bernard_134.jpg,saint_bernard,dog,saint bernard,dog_saint,30,1
/Users/mnfom/Projects/cnn-Makarena-211/petfaces/cat_Ragdoll/Ragdoll_127.jpg,Ragdoll,cat,Ragdoll,cat_Ragdoll,8,0
/Users/mnfom/Projects/cnn-Makarena-211/petfaces/dog_miniature/miniature_pinscher_137.jpg,miniature_pinscher,dog,miniature pinscher,dog_miniature,26,1
/Users/mnfom/Projects/cnn-Makarena-211/petfaces/cat_Bombay/Bombay_116.jpg,Bombay,cat,Bombay,cat_Bombay,3,0
/Users/mnfom/Projects/cnn-Makarena-211/petfaces/cat_Sphynx/Sphynx_166.jpg,Sphynx,cat,Sphynx,cat_Sphynx,11,0
/Users/mnfom/Projects/cnn-Makarena-211/petfaces/cat_Ragdoll/Ragdoll_187.jpg,Ragdoll,cat,Ragdoll,cat_Ragdoll,8,0
/Users/mnfom/Projects/cnn-Makarena-211/petfaces/cat_Birman/Birman_183.jpg,Birman,cat,Birman,cat_Birman,2,0
/Users/mnfom/Projects/cnn-Makarena-211/petfaces/dog_german/german_shorthaired_16.jpg,german_shorthaired,dog,german shorthaired,dog_german,20,1
/Users/mnfom/Projects/cnn-Makarena-211/petfaces/dog_miniature/miniature_pinscher_169.jpg,miniature_pinscher,dog,miniature pinscher,dog_miniature,26,1
/Users/mnfom/Projects/cnn-Makarena-211/petfaces/dog_german/german_shorthaired_167.jpg,german_shorthaired,dog,german shorthaired,dog_german,20,1
/Users/mnfom/Projects/cnn-Makarena-211/petfaces/cat_Bombay/Bombay_153.jpg,Bombay,cat,Bombay,cat_Bombay,3,0
/Users/mnfom/Projects/cnn-Makarena-211/petfaces/cat_British/British_Shorthair_181.jpg,British_Shorthair,cat,British Shorthair,cat_British,4,0
/Users/mnfom/Projects/cnn-Makarena-211/petfaces/dog_samoyed/samoyed_155.jpg,samoyed,dog,samoyed,dog_samoyed,31,1
/Users/mnfom/Projects/cnn-Makarena-211/petfaces/cat_Ragdoll/Ragdoll_150.jpg,Ragdoll,cat,Ragdoll,cat_Ragdoll,8,0
/Users/mnfom/Projects/cnn-Makarena-211/petfaces/dog_pomeranian/pomeranian_119.jpg,pomeranian,dog,pomeranian,dog_pomeranian,28,1
/Users/mnfom/Projects/cnn-Makarena-211/petfaces/dog_saint/saint_bernard_101.jpg,saint_bernard,dog,saint bernard,dog_saint,30,1
/Users/mnfom/Projects/cnn-Makarena-211/petfaces/cat_Siamese/Siamese_165.jpg,Siamese,cat,Siamese,cat_Siamese,10,0
/Users/mnfom/Projects/cnn-Makarena-211/petfaces/dog_leonberger/leonberger_100.jpg,leonberger,dog,leonberger,dog_leonberger,25,1
/Users/mnfom/Projects/cnn-Makarena-211/petfaces/dog_pug/pug_15.jpg,pug,dog,pug,dog_pug,29,1
/Users/mnfom/Projects/cnn-Makarena-211/petfaces/dog_beagle/beagle_108.jpg,beagle,dog,beagle,dog_beagle,15,1
/Users/mnfom/Projects/cnn-Makarena-211/petfaces/cat_Sphynx/Sphynx_115.jpg,Sphynx,cat,Sphynx,cat_Sphynx,11,0
/Users/mnfom/Projects/cnn-Makarena-211/petfaces/cat_Persian/Persian_114.jpg,Persian,cat,Persian,cat_Persian,7,0
/Users/mnfom/Projects/cnn-Makarena-211/petfaces/dog_keeshond/keeshond_162.jpg,keeshond,dog,keeshond,dog_keeshond,24,1
/Users/mnfom/Projects/cnn-Makarena-211/petfaces/dog_saint/saint_bernard_147.jpg,saint_bernard,dog,saint bernard,dog_saint,30,1
/Users/mnfom/Projects/cnn-Makarena-211/petfaces/dog_wheaten/wheaten_terrier_152.jpg,wheaten_terrier,dog,wheaten terrier,dog_wheaten,35,1
/Users/mnfom/Projects/cnn-Makarena-211/petfaces/dog_pug/pug_189.jpg,pug,dog,pug,dog_pug,29,1
/Users/mnfom/Projects/cnn-Makarena-211/petfaces/dog_pug/pug_12.jpg,pug,dog,pug,dog_pug,29,1
/Users/mnfom/Projects/cnn-Makarena-211/petfaces/dog_japanese/japanese_chin_167.jpg,japanese_chin,dog,japanese chin,dog_japanese,23,1
/Users/mnfom/Projects/cnn-Makarena-211/petfaces/dog_samoyed/samoyed_150.jpg,samoyed,dog,samoyed,dog_samoyed,31,1
/Users/mnfom/Projects/cnn-Makarena-211/petfaces/cat_Sphynx/Sphynx_124.jpg,Sphynx,cat,Sphynx,cat_Sphynx,11,0
/Users/mnfom/Projects/cnn-Makarena-211/petfaces/cat_Sphynx/Sphynx_121.jpg,Sphynx,cat,Sphynx,cat_Sphynx,11,0
/Users/mnfom/Projects/cnn-Makarena-211/petfaces/cat_Egyptian/Egyptian_Mau_117.jpg,Egyptian_Mau,cat,Egyptian Mau,cat_Egyptian,5,0
/Users/mnfom/Projects/cnn-Makarena-211/petfaces/dog_yorkshire/yorkshire_terrier_13.jpg,yorkshire_terrier,dog,yorkshire terrier,dog_yorkshire,36,1
/Users/mnfom/Projects/cnn-Makarena-211/petfaces/dog_havanese/havanese_153.jpg,havanese,dog,havanese,dog_havanese,22,1
/Users/mnfom/Projects/cnn-Makarena-211/petfaces/dog_yorkshire/yorkshire_terrier_167.jpg,yorkshire_terrier,dog,yorkshire terrier,dog_yorkshire,36,1
/Users/mnfom/Projects/cnn-Makarena-211/petfaces/cat_Sphynx/Sphynx_144.jpg,Sphynx,cat,Sphynx,cat_Sphynx,11,0
/Users/mnfom/Projects/cnn-Makarena-211/petfaces/dog_pug/pug_106.jpg,pug,dog,pug,dog_pug,29,1
/Users/mnfom/Projects/cnn-Makarena-211/petfaces/dog_newfoundland/newfoundland_113.jpg,newfoundland,dog,newfoundland,dog_newfoundland,27,1
/Users/mnfom/Projects/cnn-Makarena-211/petfaces/dog_staffordshire/staffordshire_bull_terrier_186.jpg,staffordshire_bull_terrier,dog,staffordshire bull terrier,dog_staffordshire,34,1
/Users/mnfom/Projects/cnn-Makarena-211/petfaces/dog_chihuahua/chihuahua_186.jpg,chihuahua,dog,chihuahua,dog_chihuahua,17,1
/Users/mnfom/Projects/cnn-Makarena-211/petfaces/dog_leonberger/leonberger_145.jpg,leonberger,dog,leonberger,dog_leonberger,25,1
/Users/mnfom/Projects/cnn-Makarena-211/petfaces/cat_Siamese/Siamese_194.jpg,Siamese,cat,Siamese,cat_Siamese,10,0
/Users/mnfom/Projects/cnn-Makarena-211/petfaces/dog_saint/saint_bernard_188.jpg,saint_bernard,dog,saint bernard,dog_saint,30,1
/Users/mnfom/Projects/cnn-Makarena-211/petfaces/dog_saint/saint_bernard_124.jpg,saint_bernard,dog,saint bernard,dog_saint,30,1
/Users/mnfom/Projects/cnn-Makarena-211/petfaces/cat_Egyptian/Egyptian_Mau_165.jpg,Egyptian_Mau,cat,Egyptian Mau,cat_Egyptian,5,0
/Users/mnfom/Projects/cnn-Makarena-211/petfaces/dog_pug/pug_173.jpg,pug,dog,pug,dog_pug,29,1
/Users/mnfom/Projects/cnn-Makarena-211/petfaces/dog_havanese/havanese_169.jpg,havanese,dog,havanese,dog_havanese,22,1
/Users/mnfom/Projects/cnn-Makarena-211/petfaces/dog_boxer/boxer_13.jpg,boxer,dog,boxer,dog_boxer,16,1
/Users/mnfom/Projects/cnn-Makarena-211/petfaces/dog_keeshond/keeshond_142.jpg,keeshond,dog,keeshond,dog_keeshond,24,1
/Users/mnfom/Projects/cnn-Makarena-211/petfaces/dog_german/german_shorthaired_177.jpg,german_shorthaired,dog,german shorthaired,dog_german,20,1
/Users/mnfom/Projects/cnn-Makarena-211/petfaces/dog_japanese/japanese_chin_181.jpg,japanese_chin,dog,japanese chin,dog_japanese,23,1
/Users/mnfom/Projects/cnn-Makarena-211/petfaces/dog_yorkshire/yorkshire_terrier_101.jpg,yorkshire_terrier,dog,yorkshire terrier,dog_yorkshire,36,1
/Users/mnfom/Projects/cnn-Makarena-211/petfaces/dog_japanese/japanese_chin_144.jpg,japanese_chin,dog,japanese chin,dog_japanese,23,1
/Users/mnfom/Projects/cnn-Makarena-211/petfaces/dog_german/german_shorthaired_187.jpg,german_shorthaired,dog,german shorthaired,dog_german,20,1
/Users/mnfom/Projects/cnn-Makarena-211/petfaces/cat_Maine/Maine_Coon_146.jpg,Maine_Coon,cat,Maine Coon,cat_Maine,6,0
/Users/mnfom/Projects/cnn-Makarena-211/petfaces/dog_japanese/japanese_chin_111.jpg,japanese_chin,dog,japanese chin,dog_japanese,23,1
/Users/mnfom/Projects/cnn-Makarena-211/petfaces/cat_Persian/Persian_141.jpg,Persian,cat,Persian,cat_Persian,7,0
/Users/mnfom/Projects/cnn-Makarena-211/petfaces/cat_Maine/Maine_Coon_111.jpg,Maine_Coon,cat,Maine Coon,cat_Maine,6,0
/Users/mnfom/Projects/cnn-Makarena-211/petfaces/cat_Russian/Russian_Blue_136.jpg,Russian_Blue,cat,Russian Blue,cat_Russian,9,0
/Users/mnfom/Projects/cnn-Makarena-211/petfaces/cat_Egyptian/Egyptian_Mau_104.jpg,Egyptian_Mau,cat,Egyptian Mau,cat_Egyptian,5,0
/Users/mnfom/Projects/cnn-Makarena-211/petfaces/dog_english/english_setter_102.jpg,english_setter,dog,english setter,dog_english,19,1
/Users/mnfom/Projects/cnn-Makarena-211/petfaces/dog_saint/saint_bernard_10.jpg,saint_bernard,dog,saint bernard,dog_saint,30,1
/Users/mnfom/Projects/cnn-Makarena-211/petfaces/cat_Sphynx/Sphynx_176.jpg,Sphynx,cat,Sphynx,cat_Sphynx,11,0
/Users/mnfom/Projects/cnn-Makarena-211/petfaces/dog_american/american_bulldog_133.jpg,american_bulldog,dog,american bulldog,dog_american,12,1
/Users/mnfom/Projects/cnn-Makarena-211/petfaces/cat_Siamese/Siamese_127.jpg,Siamese,cat,Siamese,cat_Siamese,10,0
/Users/mnfom/Projects/cnn-Makarena-211/petfaces/dog_english/english_cocker_spaniel_109.jpg,english_cocker_spaniel,dog,english cocker spaniel,dog_english,18,1
/Users/mnfom/Projects/cnn-Makarena-211/petfaces/dog_german/german_shorthaired_109.jpg,german_shorthaired,dog,german shorthaired,dog_german,20,1
/Users/mnfom/Projects/cnn-Makarena-211/petfaces/dog_miniature/miniature_pinscher_15.jpg,miniature_pinscher,dog,miniature pinscher,dog_miniature,26,1
/Users/mnfom/Projects/cnn-Makarena-211/petfaces/dog_beagle/beagle_127.jpg,beagle,dog,beagle,dog_beagle,15,1
/Users/mnfom/Projects/cnn-Makarena-211/petfaces/cat_Ragdoll/Ragdoll_10.jpg,Ragdoll,cat,Ragdoll,cat_Ragdoll,8,0
/Users/mnfom/Projects/cnn-Makarena-211/petfaces/dog_havanese/havanese_105.jpg,havanese,dog,havanese,dog_havanese,22,1
/Users/mnfom/Projects/cnn-Makarena-211/petfaces/dog_american/american_pit_bull_terrier_145.jpg,american_pit_bull_terrier,dog,american pit bull terrier,dog_american,13,1
/Users/mnfom/Projects/cnn-Makarena-211/petfaces/dog_scottish/scottish_terrier_112.jpg,scottish_terrier,dog,scottish terrier,dog_scottish,32,1
/Users/mnfom/Projects/cnn-Makarena-211/petfaces/dog_basset/basset_hound_16.jpg,basset_hound,dog,basset hound,dog_basset,14,1
/Users/mnfom/Projects/cnn-Makarena-211/petfaces/dog_pug/pug_117.jpg,pug,dog,pug,dog_pug,29,1
/Users/mnfom/Projects/cnn-Makarena-211/petfaces/dog_newfoundland/newfoundland_172.jpg,newfoundland,dog,newfoundland,dog_newfoundland,27,1
/Users/mnfom/Projects/cnn-Makarena-211/petfaces/cat_Persian/Persian_176.jpg,Persian,cat,Persian,cat_Persian,7,0
/Users/mnfom/Projects/cnn-Makarena-211/petfaces/cat_Russian/Russian_Blue_155.jpg,Russian_Blue,cat,Russian Blue,cat_Russian,9,0
/Users/mnfom/Projects/cnn-Makarena-211/petfaces/dog_basset/basset_hound_156.jpg,basset_hound,dog,basset hound,dog_basset,14,1
/Users/mnfom/Projects/cnn-Makarena-211/petfaces/cat_Sphynx/Sphynx_164.jpg,Sphynx,cat,Sphynx,cat_Sphynx,11,0
/Users/mnfom/Projects/cnn-Makarena-211/petfaces/dog_leonberger/leonberger_117.jpg,leonberger,dog,leonberger,dog_leonberger,25,1
/Users/mnfom/Projects/cnn-Makarena-211/petfaces/cat_Ragdoll/Ragdoll_175.jpg,Ragdoll,cat,Ragdoll,cat_Ragdoll,8,0
/Users/mnfom/Projects/cnn-Makarena-211/petfaces/cat_Egyptian/Egyptian_Mau_130.jpg,Egyptian_Mau,cat,Egyptian Mau,cat_Egyptian,5,0
/Users/mnfom/Projects/cnn-Makarena-211/petfaces/cat_Persian/Persian_20.jpg,Persian,cat,Persian,cat_Persian,7,0
/Users/mnfom/Projects/cnn-Makarena-211/petfaces/dog_english/english_setter_107.jpg,english_setter,dog,english setter,dog_english,19,1
/Users/mnfom/Projects/cnn-Makarena-211/petfaces/dog_yorkshire/yorkshire_terrier_166.jpg,yorkshire_terrier,dog,yorkshire terrier,dog_yorkshire,36,1
/Users/mnfom/Projects/cnn-Makarena-211/petfaces/cat_Abyssinian/Abyssinian_169.jpg,Abyssinian,cat,Abyssinian,cat_Abyssinian,0,0
/Users/mnfom/Projects/cnn-Makarena-211/petfaces/cat_Siamese/Siamese_193.jpg,Siamese,cat,Siamese,cat_Siamese,10,0
/Users/mnfom/Projects/cnn-Makarena-211/petfaces/dog_samoyed/samoyed_128.jpg,samoyed,dog,samoyed,dog_samoyed,31,1
/Users/mnfom/Projects/cnn-Makarena-211/petfaces/cat_Siamese/Siamese_195.jpg,Siamese,cat,Siamese,cat_Siamese,10,0
/Users/mnfom/Projects/cnn-Makarena-211/petfaces/dog_japanese/japanese_chin_142.jpg,japanese_chin,dog,japanese chin,dog_japanese,23,1
/Users/mnfom/Projects/cnn-Makarena-211/petfaces/dog_american/american_bulldog_189.jpg,american_bulldog,dog,american bulldog,dog_american,12,1
/Users/mnfom/Projects/cnn-Makarena-211/petfaces/dog_saint/saint_bernard_156.jpg,saint_bernard,dog,saint bernard,dog_saint,30,1
/Users/mnfom/Projects/cnn-Makarena-211/petfaces/dog_chihuahua/chihuahua_161.jpg,chihuahua,dog,chihuahua,dog_chihuahua,17,1
/Users/mnfom/Projects/cnn-Makarena-211/petfaces/dog_miniature/miniature_pinscher_171.jpg,miniature_pinscher,dog,miniature pinscher,dog_miniature,26,1
/Users/mnfom/Projects/cnn-Makarena-211/petfaces/dog_japanese/japanese_chin_151.jpg,japanese_chin,dog,japanese chin,dog_japanese,23,1
/Users/mnfom/Projects/cnn-Makarena-211/petfaces/cat_Siamese/Siamese_140.jpg,Siamese,cat,Siamese,cat_Siamese,10,0
/Users/mnfom/Projects/cnn-Makarena-211/petfaces/dog_staffordshire/staffordshire_bull_terrier_197.jpg,staffordshire_bull_terrier,dog,staffordshire bull terrier,dog_staffordshire,34,1
/Users/mnfom/Projects/cnn-Makarena-211/petfaces/cat_Ragdoll/Ragdoll_172.jpg,Ragdoll,cat,Ragdoll,cat_Ragdoll,8,0
/Users/mnfom/Projects/cnn-Makarena-211/petfaces/dog_american/american_bulldog_153.jpg,american_bulldog,dog,american bulldog,dog_american,12,1
/Users/mnfom/Projects/cnn-Makarena-211/petfaces/dog_samoyed/samoyed_142.jpg,samoyed,dog,samoyed,dog_samoyed,31,1
/Users/mnfom/Projects/cnn-Makarena-211/petfaces/dog_beagle/beagle_180.jpg,beagle,dog,beagle,dog_beagle,15,1
/Users/mnfom/Projects/cnn-Makarena-211/petfaces/dog_scottish/scottish_terrier_174.jpg,scottish_terrier,dog,scottish terrier,dog_scottish,32,1
/Users/mnfom/Projects/cnn-Makarena-211/petfaces/cat_British/British_Shorthair_177.jpg,British_Shorthair,cat,British Shorthair,cat_British,4,0
/Users/mnfom/Projects/cnn-Makarena-211/petfaces/dog_samoyed/samoyed_152.jpg,samoyed,dog,samoyed,dog_samoyed,31,1
/Users/mnfom/Projects/cnn-Makarena-211/petfaces/dog_english/english_cocker_spaniel_171.jpg,english_cocker_spaniel,dog,english cocker spaniel,dog_english,18,1
/Users/mnfom/Projects/cnn-Makarena-211/petfaces/dog_german/german_shorthaired_17.jpg,german_shorthaired,dog,german shorthaired,dog_german,20,1
/Users/mnfom/Projects/cnn-Makarena-211/petfaces/cat_Bengal/Bengal_113.jpg,Bengal,cat,Bengal,cat_Bengal,1,0
/Users/mnfom/Projects/cnn-Makarena-211/petfaces/dog_staffordshire/staffordshire_bull_terrier_108.jpg,staffordshire_bull_terrier,dog,staffordshire bull terrier,dog_staffordshire,34,1
/Users/mnfom/Projects/cnn-Makarena-211/petfaces/cat_Egyptian/Egyptian_Mau_102.jpg,Egyptian_Mau,cat,Egyptian Mau,cat_Egyptian,5,0
/Users/mnfom/Projects/cnn-Makarena-211/petfaces/cat_Siamese/Siamese_181.jpg,Siamese,cat,Siamese,cat_Siamese,10,0
/Users/mnfom/Projects/cnn-Makarena-211/petfaces/dog_wheaten/wheaten_terrier_188.jpg,wheaten_terrier,dog,wheaten terrier,dog_wheaten,35,1
/Users/mnfom/Projects/cnn-Makarena-211/petfaces/cat_Birman/Birman_131.jpg,Birman,cat,Birman,cat_Birman,2,0
/Users/mnfom/Projects/cnn-Makarena-211/petfaces/dog_saint/saint_bernard_108.jpg,saint_bernard,dog,saint bernard,dog_saint,30,1
/Users/mnfom/Projects/cnn-Makarena-211/petfaces/dog_basset/basset_hound_112.jpg,basset_hound,dog,basset hound,dog_basset,14,1
/Users/mnfom/Projects/cnn-Makarena-211/petfaces/cat_Siamese/Siamese_136.jpg,Siamese,cat,Siamese,cat_Siamese,10,0
/Users/mnfom/Projects/cnn-Makarena-211/petfaces/cat_Sphynx/Sphynx_107.jpg,Sphynx,cat,Sphynx,cat_Sphynx,11,0
/Users/mnfom/Projects/cnn-Makarena-211/petfaces/dog_pug/pug_182.jpg,pug,dog,pug,dog_pug,29,1
/Users/mnfom/Projects/cnn-Makarena-211/petfaces/dog_german/german_shorthaired_118.jpg,german_shorthaired,dog,german shorthaired,dog_german,20,1
/Users/mnfom/Projects/cnn-Makarena-211/petfaces/dog_shiba/shiba_inu_173.jpg,shiba_inu,dog,shiba inu,dog_shiba,33,1
/Users/mnfom/Projects/cnn-Makarena-211/petfaces/cat_Persian/Persian_186.jpg,Persian,cat,Persian,cat_Persian,7,0
/Users/mnfom/Projects/cnn-Makarena-211/petfaces/dog_great/great_pyrenees_178.jpg,great_pyrenees,dog,great pyrenees,dog_great,21,1
/Users/mnfom/Projects/cnn-Makarena-211/petfaces/cat_Sphynx/Sphynx_116.jpg,Sphynx,cat,Sphynx,cat_Sphynx,11,0
/Users/mnfom/Projects/cnn-Makarena-211/petfaces/dog_saint/saint_bernard_106.jpg,saint_bernard,dog,saint bernard,dog_saint,30,1
/Users/mnfom/Projects/cnn-Makarena-211/petfaces/dog_beagle/beagle_124.jpg,beagle,dog,beagle,dog_beagle,15,1
/Users/mnfom/Projects/cnn-Makarena-211/petfaces/dog_havanese/havanese_136.jpg,havanese,dog,havanese,dog_havanese,22,1
/Users/mnfom/Projects/cnn-Makarena-211/petfaces/dog_english/english_setter_172.jpg,english_setter,dog,english setter,dog_english,19,1
/Users/mnfom/Projects/cnn-Makarena-211/petfaces/cat_Maine/Maine_Coon_195.jpg,Maine_Coon,cat,Maine Coon,cat_Maine,6,0
/Users/mnfom/Projects/cnn-Makarena-211/petfaces/dog_english/english_cocker_spaniel_178.jpg,english_cocker_spaniel,dog,english cocker spaniel,dog_english,18,1
/Users/mnfom/Projects/cnn-Makarena-211/petfaces/cat_Birman/Birman_130.jpg,Birman,cat,Birman,cat_Birman,2,0
/Users/mnfom/Projects/cnn-Makarena-211/petfaces/dog_pomeranian/pomeranian_157.jpg,pomeranian,dog,pomeranian,dog_pomeranian,28,1
/Users/mnfom/Projects/cnn-Makarena-211/petfaces/dog_pomeranian/pomeranian_179.jpg,pomeranian,dog,pomeranian,dog_pomeranian,28,1
/Users/mnfom/Projects/cnn-Makarena-211/petfaces/cat_Abyssinian/Abyssinian_144.jpg,Abyssinian,cat,Abyssinian,cat_Abyssinian,0,0
/Users/mnfom/Projects/cnn-Makarena-211/petfaces/dog_pomeranian/pomeranian_130.jpg,pomeranian,dog,pomeranian,dog_pomeranian,28,1
/Users/mnfom/Projects/cnn-Makarena-211/petfaces/cat_Abyssinian/Abyssinian_15.jpg,Abyssinian,cat,Abyssinian,cat_Abyssinian,0,0
/Users/mnfom/Projects/cnn-Makarena-211/petfaces/cat_Abyssinian/Abyssinian_106.jpg,Abyssinian,cat,Abyssinian,cat_Abyssinian,0,0
/Users/mnfom/Projects/cnn-Makarena-211/petfaces/dog_english/english_setter_169.jpg,english_setter,dog,english setter,dog_english,19,1
/Users/mnfom/Projects/cnn-Makarena-211/petfaces/cat_Maine/Maine_Coon_117.jpg,Maine_Coon,cat,Maine Coon,cat_Maine,6,0
/Users/mnfom/Projects/cnn-Makarena-211/petfaces/cat_Bombay/Bombay_136.jpg,Bombay,cat,Bombay,cat_Bombay,3,0
/Users/mnfom/Projects/cnn-Makarena-211/petfaces/dog_saint/saint_bernard_111.jpg,saint_bernard,dog,saint bernard,dog_saint,30,1
/Users/mnfom/Projects/cnn-Makarena-211/petfaces/dog_german/german_shorthaired_163.jpg,german_shorthaired,dog,german shorthaired,dog_german,20,1
/Users/mnfom/Projects/cnn-Makarena-211/petfaces/dog_leonberger/leonberger_106.jpg,leonberger,dog,leonberger,dog_leonberger,25,1
/Users/mnfom/Projects/cnn-Makarena-211/petfaces/dog_havanese/havanese_190.jpg,havanese,dog,havanese,dog_havanese,22,1
/Users/mnfom/Projects/cnn-Makarena-211/petfaces/dog_havanese/havanese_109.jpg,havanese,dog,havanese,dog_havanese,22,1
/Users/mnfom/Projects/cnn-Makarena-211/petfaces/dog_chihuahua/chihuahua_129.jpg,chihuahua,dog,chihuahua,dog_chihuahua,17,1
/Users/mnfom/Projects/cnn-Makarena-211/petfaces/dog_chihuahua/chihuahua_131.jpg,chihuahua,dog,chihuahua,dog_chihuahua,17,1
/Users/mnfom/Projects/cnn-Makarena-211/petfaces/cat_Maine/Maine_Coon_169.jpg,Maine_Coon,cat,Maine Coon,cat_Maine,6,0
/Users/mnfom/Projects/cnn-Makarena-211/petfaces/dog_yorkshire/yorkshire_terrier_133.jpg,yorkshire_terrier,dog,yorkshire terrier,dog_yorkshire,36,1
/Users/mnfom/Projects/cnn-Makarena-211/petfaces/dog_chihuahua/chihuahua_170.jpg,chihuahua,dog,chihuahua,dog_chihuahua,17,1
/Users/mnfom/Projects/cnn-Makarena-211/petfaces/dog_great/great_pyrenees_162.jpg,great_pyrenees,dog,great pyrenees,dog_great,21,1
/Users/mnfom/Projects/cnn-Makarena-211/petfaces/dog_german/german_shorthaired_11.jpg,german_shorthaired,dog,german shorthaired,dog_german,20,1
/Users/mnfom/Projects/cnn-Makarena-211/petfaces/dog_english/english_setter_128.jpg,english_setter,dog,english setter,dog_english,19,1
/Users/mnfom/Projects/cnn-Makarena-211/petfaces/dog_staffordshire/staffordshire_bull_terrier_106.jpg,staffordshire_bull_terrier,dog,staffordshire bull terrier,dog_staffordshire,34,1
/Users/mnfom/Projects/cnn-Makarena-211/petfaces/dog_yorkshire/yorkshire_terrier_137.jpg,yorkshire_terrier,dog,yorkshire terrier,dog_yorkshire,36,1
/Users/mnfom/Projects/cnn-Makarena-211/petfaces/dog_scottish/scottish_terrier_152.jpg,scottish_terrier,dog,scottish terrier,dog_scottish,32,1
/Users/mnfom/Projects/cnn-Makarena-211/petfaces/dog_basset/basset_hound_147.jpg,basset_hound,dog,basset hound,dog_basset,14,1
/Users/mnfom/Projects/cnn-Makarena-211/petfaces/cat_Bengal/Bengal_117.jpg,Bengal,cat,Bengal,cat_Bengal,1,0
/Users/mnfom/Projects/cnn-Makarena-211/petfaces/cat_Bombay/Bombay_117.jpg,Bombay,cat,Bombay,cat_Bombay,3,0
/Users/mnfom/Projects/cnn-Makarena-211/petfaces/dog_yorkshire/yorkshire_terrier_130.jpg,yorkshire_terrier,dog,yorkshire terrier,dog_yorkshire,36,1
/Users/mnfom/Projects/cnn-Makarena-211/petfaces/dog_japanese/japanese_chin_126.jpg,japanese_chin,dog,japanese chin,dog_japanese,23,1
/Users/mnfom/Projects/cnn-Makarena-211/petfaces/dog_pomeranian/pomeranian_137.jpg,pomeranian,dog,pomeranian,dog_pomeranian,28,1
/Users/mnfom/Projects/cnn-Makarena-211/petfaces/dog_beagle/beagle_193.jpg,beagle,dog,beagle,dog_beagle,15,1
/Users/mnfom/Projects/cnn-Makarena-211/petfaces/cat_Siamese/Siamese_115.jpg,Siamese,cat,Siamese,cat_Siamese,10,0
/Users/mnfom/Projects/cnn-Makarena-211/petfaces/dog_saint/saint_bernard_145.jpg,saint_bernard,dog,saint bernard,dog_saint,30,1
/Users/mnfom/Projects/cnn-Makarena-211/petfaces/dog_shiba/shiba_inu_160.jpg,shiba_inu,dog,shiba inu,dog_shiba,33,1
/Users/mnfom/Projects/cnn-Makarena-211/petfaces/dog_newfoundland/newfoundland_176.jpg,newfoundland,dog,newfoundland,dog_newfoundland,27,1
/Users/mnfom/Projects/cnn-Makarena-211/petfaces/dog_staffordshire/staffordshire_bull_terrier_191.jpg,staffordshire_bull_terrier,dog,staffordshire bull terrier,dog_staffordshire,34,1
/Users/mnfom/Projects/cnn-Makarena-211/petfaces/cat_Bengal/Bengal_174.jpg,Bengal,cat,Bengal,cat_Bengal,1,0
/Users/mnfom/Projects/cnn-Makarena-211/petfaces/cat_Ragdoll/Ragdoll_103.jpg,Ragdoll,cat,Ragdoll,cat_Ragdoll,8,0
/Users/mnfom/Projects/cnn-Makarena-211/petfaces/cat_Russian/Russian_Blue_133.jpg,Russian_Blue,cat,Russian Blue,cat_Russian,9,0
/Users/mnfom/Projects/cnn-Makarena-211/petfaces/cat_Sphynx/Sphynx_15.jpg,Sphynx,cat,Sphynx,cat_Sphynx,11,0
/Users/mnfom/Projects/cnn-Makarena-211/petfaces/dog_pug/pug_147.jpg,pug,dog,pug,dog_pug,29,1
/Users/mnfom/Projects/cnn-Makarena-211/petfaces/dog_scottish/scottish_terrier_141.jpg,scottish_terrier,dog,scottish terrier,dog_scottish,32,1
/Users/mnfom/Projects/cnn-Makarena-211/petfaces/dog_pug/pug_190.jpg,pug,dog,pug,dog_pug,29,1
/Users/mnfom/Projects/cnn-Makarena-211/petfaces/cat_Bombay/Bombay_106.jpg,Bombay,cat,Bombay,cat_Bombay,3,0
/Users/mnfom/Projects/cnn-Makarena-211/petfaces/dog_japanese/japanese_chin_190.jpg,japanese_chin,dog,japanese chin,dog_japanese,23,1
/Users/mnfom/Projects/cnn-Makarena-211/petfaces/dog_english/english_setter_148.jpg,english_setter,dog,english setter,dog_english,19,1
/Users/mnfom/Projects/cnn-Makarena-211/petfaces/dog_pug/pug_133.jpg,pug,dog,pug,dog_pug,29,1
/Users/mnfom/Projects/cnn-Makarena-211/petfaces/dog_shiba/shiba_inu_178.jpg,shiba_inu,dog,shiba inu,dog_shiba,33,1
/Users/mnfom/Projects/cnn-Makarena-211/petfaces/dog_yorkshire/yorkshire_terrier_145.jpg,yorkshire_terrier,dog,yorkshire terrier,dog_yorkshire,36,1
/Users/mnfom/Projects/cnn-Makarena-211/petfaces/dog_pug/pug_144.jpg,pug,dog,pug,dog_pug,29,1
/Users/mnfom/Projects/cnn-Makarena-211/petfaces/cat_Bombay/Bombay_181.jpg,Bombay,cat,Bombay,cat_Bombay,3,0
/Users/mnfom/Projects/cnn-Makarena-211/petfaces/dog_boxer/boxer_175.jpg,boxer,dog,boxer,dog_boxer,16,1
/Users/mnfom/Projects/cnn-Makarena-211/petfaces/dog_keeshond/keeshond_122.jpg,keeshond,dog,keeshond,dog_keeshond,24,1
/Users/mnfom/Projects/cnn-Makarena-211/petfaces/dog_basset/basset_hound_116.jpg,basset_hound,dog,basset hound,dog_basset,14,1
/Users/mnfom/Projects/cnn-Makarena-211/petfaces/cat_Bombay/Bombay_190.jpg,Bombay,cat,Bombay,cat_Bombay,3,0
/Users/mnfom/Projects/cnn-Makarena-211/petfaces/cat_Birman/Birman_150.jpg,Birman,cat,Birman,cat_Birman,2,0
/Users/mnfom/Projects/cnn-Makarena-211/petfaces/dog_american/american_pit_bull_terrier_160.jpg,american_pit_bull_terrier,dog,american pit bull terrier,dog_american,13,1
/Users/mnfom/Projects/cnn-Makarena-211/petfaces/cat_Maine/Maine_Coon_103.jpg,Maine_Coon,cat,Maine Coon,cat_Maine,6,0
/Users/mnfom/Projects/cnn-Makarena-211/petfaces/dog_leonberger/leonberger_120.jpg,leonberger,dog,leonberger,dog_leonberger,25,1
/Users/mnfom/Projects/cnn-Makarena-211/petfaces/dog_chihuahua/chihuahua_112.jpg,chihuahua,dog,chihuahua,dog_chihuahua,17,1
/Users/mnfom/Projects/cnn-Makarena-211/petfaces/cat_Siamese/Siamese_157.jpg,Siamese,cat,Siamese,cat_Siamese,10,0
/Users/mnfom/Projects/cnn-Makarena-211/petfaces/dog_german/german_shorthaired_133.jpg,german_shorthaired,dog,german shorthaired,dog_german,20,1
/Users/mnfom/Projects/cnn-Makarena-211/petfaces/cat_Birman/Birman_152.jpg,Birman,cat,Birman,cat_Birman,2,0
/Users/mnfom/Projects/cnn-Makarena-211/petfaces/dog_miniature/miniature_pinscher_119.jpg,miniature_pinscher,dog,miniature pinscher,dog_miniature,26,1
/Users/mnfom/Projects/cnn-Makarena-211/petfaces/dog_newfoundland/newfoundland_110.jpg,newfoundland,dog,newfoundland,dog_newfoundland,27,1
/Users/mnfom/Projects/cnn-Makarena-211/petfaces/dog_newfoundland/newfoundland_120.jpg,newfoundland,dog,newfoundland,dog_newfoundland,27,1
/Users/mnfom/Projects/cnn-Makarena-211/petfaces/cat_Egyptian/Egyptian_Mau_172.jpg,Egyptian_Mau,cat,Egyptian Mau,cat_Egyptian,5,0
/Users/mnfom/Projects/cnn-Makarena-211/petfaces/dog_yorkshire/yorkshire_terrier_135.jpg,yorkshire_terrier,dog,yorkshire terrier,dog_yorkshire,36,1
/Users/mnfom/Projects/cnn-Makarena-211/petfaces/dog_newfoundland/newfoundland_156.jpg,newfoundland,dog,newfoundland,dog_newfoundland,27,1
/Users/mnfom/Projects/cnn-Makarena-211/petfaces/dog_basset/basset_hound_170.jpg,basset_hound,dog,basset hound,dog_basset,14,1
/Users/mnfom/Projects/cnn-Makarena-211/petfaces/dog_great/great_pyrenees_15.jpg,great_pyrenees,dog,great pyrenees,dog_great,21,1
/Users/mnfom/Projects/cnn-Makarena-211/petfaces/dog_american/american_pit_bull_terrier_128.jpg,american_pit_bull_terrier,dog,american pit bull terrier,dog_american,13,1
/Users/mnfom/Projects/cnn-Makarena-211/petfaces/cat_Ragdoll/Ragdoll_122.jpg,Ragdoll,cat,Ragdoll,cat_Ragdoll,8,0
/Users/mnfom/Projects/cnn-Makarena-211/petfaces/dog_great/great_pyrenees_106.jpg,great_pyrenees,dog,great pyrenees,dog_great,21,1
/Users/mnfom/Projects/cnn-Makarena-211/petfaces/cat_Persian/Persian_120.jpg,Persian,cat,Persian,cat_Persian,7,0
/Users/mnfom/Projects/cnn-Makarena-211/petfaces/dog_staffordshire/staffordshire_bull_terrier_135.jpg,staffordshire_bull_terrier,dog,staffordshire bull terrier,dog_staffordshire,34,1
/Users/mnfom/Projects/cnn-Makarena-211/petfaces/dog_german/german_shorthaired_176.jpg,german_shorthaired,dog,german shorthaired,dog_german,20,1
/Users/mnfom/Projects/cnn-Makarena-211/petfaces/cat_Egyptian/Egyptian_Mau_131.jpg,Egyptian_Mau,cat,Egyptian Mau,cat_Egyptian,5,0
/Users/mnfom/Projects/cnn-Makarena-211/petfaces/cat_Russian/Russian_Blue_19.jpg,Russian_Blue,cat,Russian Blue,cat_Russian,9,0
/Users/mnfom/Projects/cnn-Makarena-211/petfaces/dog_american/american_pit_bull_terrier_124.jpg,american_pit_bull_terrier,dog,american pit bull terrier,dog_american,13,1
/Users/mnfom/Projects/cnn-Makarena-211/petfaces/dog_shiba/shiba_inu_172.jpg,shiba_inu,dog,shiba inu,dog_shiba,33,1
/Users/mnfom/Projects/cnn-Makarena-211/petfaces/dog_leonberger/leonberger_109.jpg,leonberger,dog,leonberger,dog_leonberger,25,1
/Users/mnfom/Projects/cnn-Makarena-211/petfaces/dog_samoyed/samoyed_165.jpg,samoyed,dog,samoyed,dog_samoyed,31,1
/Users/mnfom/Projects/cnn-Makarena-211/petfaces/dog_boxer/boxer_190.jpg,boxer,dog,boxer,dog_boxer,16,1
/Users/mnfom/Projects/cnn-Makarena-211/petfaces/dog_basset/basset_hound_111.jpg,basset_hound,dog,basset hound,dog_basset,14,1
/Users/mnfom/Projects/cnn-Makarena-211/petfaces/dog_newfoundland/newfoundland_123.jpg,newfoundland,dog,newfoundland,dog_newfoundland,27,1
/Users/mnfom/Projects/cnn-Makarena-211/petfaces/dog_japanese/japanese_chin_156.jpg,japanese_chin,dog,japanese chin,dog_japanese,23,1
/Users/mnfom/Projects/cnn-Makarena-211/petfaces/dog_havanese/havanese_145.jpg,havanese,dog,havanese,dog_havanese,22,1
/Users/mnfom/Projects/cnn-Makarena-211/petfaces/cat_Russian/Russian_Blue_186.jpg,Russian_Blue,cat,Russian Blue,cat_Russian,9,0
/Users/mnfom/Projects/cnn-Makarena-211/petfaces/cat_Ragdoll/Ragdoll_188.jpg,Ragdoll,cat,Ragdoll,cat_Ragdoll,8,0
/Users/mnfom/Projects/cnn-Makarena-211/petfaces/dog_newfoundland/newfoundland_190.jpg,newfoundland,dog,newfoundland,dog_newfoundland,27,1
/Users/mnfom/Projects/cnn-Makarena-211/petfaces/dog_saint/saint_bernard_179.jpg,saint_bernard,dog,saint bernard,dog_saint,30,1
/Users/mnfom/Projects/cnn-Makarena-211/petfaces/dog_english/english_cocker_spaniel_166.jpg,english_cocker_spaniel,dog,english cocker spaniel,dog_english,18,1
/Users/mnfom/Projects/cnn-Makarena-211/petfaces/cat_British/British_Shorthair_158.jpg,British_Shorthair,cat,British Shorthair,cat_British,4,0
/Users/mnfom/Projects/cnn-Makarena-211/petfaces/dog_havanese/havanese_137.jpg,havanese,dog,havanese,dog_havanese,22,1
/Users/mnfom/Projects/cnn-Makarena-211/petfaces/dog_english/english_setter_109.jpg,english_setter,dog,english setter,dog_english,19,1
/Users/mnfom/Projects/cnn-Makarena-211/petfaces/dog_keeshond/keeshond_112.jpg,keeshond,dog,keeshond,dog_keeshond,24,1
/Users/mnfom/Projects/cnn-Makarena-211/petfaces/cat_Bombay/Bombay_12.jpg,Bombay,cat,Bombay,cat_Bombay,3,0
/Users/mnfom/Projects/cnn-Makarena-211/petfaces/dog_pomeranian/pomeranian_127.jpg,pomeranian,dog,pomeranian,dog_pomeranian,28,1
/Users/mnfom/Projects/cnn-Makarena-211/petfaces/cat_British/British_Shorthair_113.jpg,British_Shorthair,cat,British Shorthair,cat_British,4,0
/Users/mnfom/Projects/cnn-Makarena-211/petfaces/dog_pomeranian/pomeranian_186.jpg,pomeranian,dog,pomeranian,dog_pomeranian,28,1
/Users/mnfom/Projects/cnn-Makarena-211/petfaces/dog_leonberger/leonberger_177.jpg,leonberger,dog,leonberger,dog_leonberger,25,1
/Users/mnfom/Projects/cnn-Makarena-211/petfaces/dog_saint/saint_bernard_116.jpg,saint_bernard,dog,saint bernard,dog_saint,30,1
/Users/mnfom/Projects/cnn-Makarena-211/petfaces/cat_Russian/Russian_Blue_187.jpg,Russian_Blue,cat,Russian Blue,cat_Russian,9,0
/Users/mnfom/Projects/cnn-Makarena-211/petfaces/dog_staffordshire/staffordshire_bull_terrier_109.jpg,staffordshire_bull_terrier,dog,staffordshire bull terrier,dog_staffordshire,34,1
/Users/mnfom/Projects/cnn-Makarena-211/petfaces/dog_english/english_cocker_spaniel_165.jpg,english_cocker_spaniel,dog,english cocker spaniel,dog_english,18,1
/Users/mnfom/Projects/cnn-Makarena-211/petfaces/dog_samoyed/samoyed_181.jpg,samoyed,dog,samoyed,dog_samoyed,31,1
/Users/mnfom/Projects/cnn-Makarena-211/petfaces/cat_Egyptian/Egyptian_Mau_162.jpg,Egyptian_Mau,cat,Egyptian Mau,cat_Egyptian,5,0
/Users/mnfom/Projects/cnn-Makarena-211/petfaces/dog_leonberger/leonberger_167.jpg,leonberger,dog,leonberger,dog_leonberger,25,1
/Users/mnfom/Projects/cnn-Makarena-211/petfaces/cat_Ragdoll/Ragdoll_146.jpg,Ragdoll,cat,Ragdoll,cat_Ragdoll,8,0
/Users/mnfom/Projects/cnn-Makarena-211/petfaces/dog_english/english_cocker_spaniel_133.jpg,english_cocker_spaniel,dog,english cocker spaniel,dog_english,18,1
/Users/mnfom/Projects/cnn-Makarena-211/petfaces/dog_keeshond/keeshond_154.jpg,keeshond,dog,keeshond,dog_keeshond,24,1
/Users/mnfom/Projects/cnn-Makarena-211/petfaces/dog_havanese/havanese_182.jpg,havanese,dog,havanese,dog_havanese,22,1
/Users/mnfom/Projects/cnn-Makarena-211/petfaces/cat_Egyptian/Egyptian_Mau_194.jpg,Egyptian_Mau,cat,Egyptian Mau,cat_Egyptian,5,0
/Users/mnfom/Projects/cnn-Makarena-211/petfaces/cat_Sphynx/Sphynx_160.jpg,Sphynx,cat,Sphynx,cat_Sphynx,11,0
/Users/mnfom/Projects/cnn-Makarena-211/petfaces/dog_english/english_cocker_spaniel_103.jpg,english_cocker_spaniel,dog,english cocker spaniel,dog_english,18,1
/Users/mnfom/Projects/cnn-Makarena-211/petfaces/cat_Russian/Russian_Blue_132.jpg,Russian_Blue,cat,Russian Blue,cat_Russian,9,0
/Users/mnfom/Projects/cnn-Makarena-211/petfaces/cat_Bengal/Bengal_119.jpg,Bengal,cat,Bengal,cat_Bengal,1,0
/Users/mnfom/Projects/cnn-Makarena-211/petfaces/cat_Abyssinian/Abyssinian_179.jpg,Abyssinian,cat,Abyssinian,cat_Abyssinian,0,0
/Users/mnfom/Projects/cnn-Makarena-211/petfaces/dog_keeshond/keeshond_108.jpg,keeshond,dog,keeshond,dog_keeshond,24,1
/Users/mnfom/Projects/cnn-Makarena-211/petfaces/dog_german/german_shorthaired_124.jpg,german_shorthaired,dog,german shorthaired,dog_german,20,1
/Users/mnfom/Projects/cnn-Makarena-211/petfaces/cat_Abyssinian/Abyssinian_113.jpg,Abyssinian,cat,Abyssinian,cat_Abyssinian,0,0
/Users/mnfom/Projects/cnn-Makarena-211/petfaces/dog_american/american_pit_bull_terrier_129.jpg,american_pit_bull_terrier,dog,american pit bull terrier,dog_american,13,1
/Users/mnfom/Projects/cnn-Makarena-211/petfaces/cat_Russian/Russian_Blue_192.jpg,Russian_Blue,cat,Russian Blue,cat_Russian,9,0
/Users/mnfom/Projects/cnn-Makarena-211/petfaces/dog_miniature/miniature_pinscher_124.jpg,miniature_pinscher,dog,miniature pinscher,dog_miniature,26,1
/Users/mnfom/Projects/cnn-Makarena-211/petfaces/dog_newfoundland/newfoundland_17.jpg,newfoundland,dog,newfoundland,dog_newfoundland,27,1
/Users/mnfom/Projects/cnn-Makarena-211/petfaces/dog_beagle/beagle_103.jpg,beagle,dog,beagle,dog_beagle,15,1
/Users/mnfom/Projects/cnn-Makarena-211/petfaces/dog_havanese/havanese_147.jpg,havanese,dog,havanese,dog_havanese,22,1
/Users/mnfom/Projects/cnn-Makarena-211/petfaces/cat_Ragdoll/Ragdoll_156.jpg,Ragdoll,cat,Ragdoll,cat_Ragdoll,8,0
/Users/mnfom/Projects/cnn-Makarena-211/petfaces/cat_Siamese/Siamese_100.jpg,Siamese,cat,Siamese,cat_Siamese,10,0
/Users/mnfom/Projects/cnn-Makarena-211/petfaces/cat_Abyssinian/Abyssinian_133.jpg,Abyssinian,cat,Abyssinian,cat_Abyssinian,0,0
/Users/mnfom/Projects/cnn-Makarena-211/petfaces/dog_yorkshire/yorkshire_terrier_117.jpg,yorkshire_terrier,dog,yorkshire terrier,dog_yorkshire,36,1
/Users/mnfom/Projects/cnn-Makarena-211/petfaces/dog_chihuahua/chihuahua_159.jpg,chihuahua,dog,chihuahua,dog_chihuahua,17,1
/Users/mnfom/Projects/cnn-Makarena-211/petfaces/cat_Siamese/Siamese_129.jpg,Siamese,cat,Siamese,cat_Siamese,10,0
/Users/mnfom/Projects/cnn-Makarena-211/petfaces/cat_Ragdoll/Ragdoll_101.jpg,Ragdoll,cat,Ragdoll,cat_Ragdoll,8,0
/Users/mnfom/Projects/cnn-Makarena-211/petfaces/cat_Bombay/Bombay_111.jpg,Bombay,cat,Bombay,cat_Bombay,3,0
/Users/mnfom/Projects/cnn-Makarena-211/petfaces/dog_great/great_pyrenees_151.jpg,great_pyrenees,dog,great pyrenees,dog_great,21,1
/Users/mnfom/Projects/cnn-Makarena-211/petfaces/dog_basset/basset_hound_141.jpg,basset_hound,dog,basset hound,dog_basset,14,1
/Users/mnfom/Projects/cnn-Makarena-211/petfaces/cat_British/British_Shorthair_104.jpg,British_Shorthair,cat,British Shorthair,cat_British,4,0
/Users/mnfom/Projects/cnn-Makarena-211/petfaces/dog_pug/pug_129.jpg,pug,dog,pug,dog_pug,29,1
/Users/mnfom/Projects/cnn-Makarena-211/petfaces/cat_Birman/Birman_107.jpg,Birman,cat,Birman,cat_Birman,2,0
/Users/mnfom/Projects/cnn-Makarena-211/petfaces/dog_wheaten/wheaten_terrier_163.jpg,wheaten_terrier,dog,wheaten terrier,dog_wheaten,35,1
/Users/mnfom/Projects/cnn-Makarena-211/petfaces/dog_japanese/japanese_chin_166.jpg,japanese_chin,dog,japanese chin,dog_japanese,23,1
/Users/mnfom/Projects/cnn-Makarena-211/petfaces/cat_Bombay/Bombay_152.jpg,Bombay,cat,Bombay,cat_Bombay,3,0
/Users/mnfom/Projects/cnn-Makarena-211/petfaces/cat_Birman/Birman_10.jpg,Birman,cat,Birman,cat_Birman,2,0
/Users/mnfom/Projects/cnn-Makarena-211/petfaces/dog_great/great_pyrenees_147.jpg,great_pyrenees,dog,great pyrenees,dog_great,21,1
/Users/mnfom/Projects/cnn-Makarena-211/petfaces/dog_boxer/boxer_105.jpg,boxer,dog,boxer,dog_boxer,16,1
/Users/mnfom/Projects/cnn-Makarena-211/petfaces/dog_staffordshire/staffordshire_bull_terrier_169.jpg,staffordshire_bull_terrier,dog,staffordshire bull terrier,dog_staffordshire,34,1
/Users/mnfom/Projects/cnn-Makarena-211/petfaces/cat_Abyssinian/Abyssinian_128.jpg,Abyssinian,cat,Abyssinian,cat_Abyssinian,0,0
/Users/mnfom/Projects/cnn-Makarena-211/petfaces/dog_pomeranian/pomeranian_134.jpg,pomeranian,dog,pomeranian,dog_pomeranian,28,1
/Users/mnfom/Projects/cnn-Makarena-211/petfaces/dog_american/american_bulldog_161.jpg,american_bulldog,dog,american bulldog,dog_american,12,1
/Users/mnfom/Projects/cnn-Makarena-211/petfaces/dog_saint/saint_bernard_16.jpg,saint_bernard,dog,saint bernard,dog_saint,30,1
/Users/mnfom/Projects/cnn-Makarena-211/petfaces/dog_miniature/miniature_pinscher_162.jpg,miniature_pinscher,dog,miniature pinscher,dog_miniature,26,1
/Users/mnfom/Projects/cnn-Makarena-211/petfaces/cat_Abyssinian/Abyssinian_145.jpg,Abyssinian,cat,Abyssinian,cat_Abyssinian,0,0
/Users/mnfom/Projects/cnn-Makarena-211/petfaces/dog_shiba/shiba_inu_183.jpg,shiba_inu,dog,shiba inu,dog_shiba,33,1
/Users/mnfom/Projects/cnn-Makarena-211/petfaces/dog_leonberger/leonberger_158.jpg,leonberger,dog,leonberger,dog_leonberger,25,1
/Users/mnfom/Projects/cnn-Makarena-211/petfaces/dog_beagle/beagle_175.jpg,beagle,dog,beagle,dog_beagle,15,1
/Users/mnfom/Projects/cnn-Makarena-211/petfaces/dog_german/german_shorthaired_170.jpg,german_shorthaired,dog,german shorthaired,dog_german,20,1
/Users/mnfom/Projects/cnn-Makarena-211/petfaces/dog_pug/pug_126.jpg,pug,dog,pug,dog_pug,29,1
/Users/mnfom/Projects/cnn-Makarena-211/petfaces/cat_Bengal/Bengal_152.jpg,Bengal,cat,Bengal,cat_Bengal,1,0
/Users/mnfom/Projects/cnn-Makarena-211/petfaces/cat_Bombay/Bombay_148.jpg,Bombay,cat,Bombay,cat_Bombay,3,0
/Users/mnfom/Projects/cnn-Makarena-211/petfaces/dog_american/american_bulldog_198.jpg,american_bulldog,dog,american bulldog,dog_american,12,1
/Users/mnfom/Projects/cnn-Makarena-211/petfaces/cat_Abyssinian/Abyssinian_182.jpg,Abyssinian,cat,Abyssinian,cat_Abyssinian,0,0
/Users/mnfom/Projects/cnn-Makarena-211/petfaces/dog_american/american_pit_bull_terrier_111.jpg,american_pit_bull_terrier,dog,american pit bull terrier,dog_american,13,1
/Users/mnfom/Projects/cnn-Makarena-211/petfaces/cat_Birman/Birman_14.jpg,Birman,cat,Birman,cat_Birman,2,0
/Users/mnfom/Projects/cnn-Makarena-211/petfaces/cat_Abyssinian/Abyssinian_185.jpg,Abyssinian,cat,Abyssinian,cat_Abyssinian,0,0
/Users/mnfom/Projects/cnn-Makarena-211/petfaces/cat_Maine/Maine_Coon_14.jpg,Maine_Coon,cat,Maine Coon,cat_Maine,6,0
/Users/mnfom/Projects/cnn-Makarena-211/petfaces/dog_basset/basset_hound_161.jpg,basset_hound,dog,basset hound,dog_basset,14,1
/Users/mnfom/Projects/cnn-Makarena-211/petfaces/dog_wheaten/wheaten_terrier_186.jpg,wheaten_terrier,dog,wheaten terrier,dog_wheaten,35,1
/Users/mnfom/Projects/cnn-Makarena-211/petfaces/cat_Abyssinian/Abyssinian_146.jpg,Abyssinian,cat,Abyssinian,cat_Abyssinian,0,0
/Users/mnfom/Projects/cnn-Makarena-211/petfaces/dog_newfoundland/newfoundland_138.jpg,newfoundland,dog,newfoundland,dog_newfoundland,27,1
/Users/mnfom/Projects/cnn-Makarena-211/petfaces/cat_Abyssinian/Abyssinian_154.jpg,Abyssinian,cat,Abyssinian,cat_Abyssinian,0,0
/Users/mnfom/Projects/cnn-Makarena-211/petfaces/dog_samoyed/samoyed_164.jpg,samoyed,dog,samoyed,dog_samoyed,31,1
/Users/mnfom/Projects/cnn-Makarena-211/petfaces/dog_boxer/boxer_189.jpg,boxer,dog,boxer,dog_boxer,16,1
/Users/mnfom/Projects/cnn-Makarena-211/petfaces/dog_american/american_pit_bull_terrier_136.jpg,american_pit_bull_terrier,dog,american pit bull terrier,dog_american,13,1
/Users/mnfom/Projects/cnn-Makarena-211/petfaces/dog_havanese/havanese_118.jpg,havanese,dog,havanese,dog_havanese,22,1
/Users/mnfom/Projects/cnn-Makarena-211/petfaces/cat_Ragdoll/Ragdoll_114.jpg,Ragdoll,cat,Ragdoll,cat_Ragdoll,8,0
/Users/mnfom/Projects/cnn-Makarena-211/petfaces/dog_saint/saint_bernard_107.jpg,saint_bernard,dog,saint bernard,dog_saint,30,1
/Users/mnfom/Projects/cnn-Makarena-211/petfaces/cat_Siamese/Siamese_145.jpg,Siamese,cat,Siamese,cat_Siamese,10,0
/Users/mnfom/Projects/cnn-Makarena-211/petfaces/cat_Russian/Russian_Blue_177.jpg,Russian_Blue,cat,Russian Blue,cat_Russian,9,0
/Users/mnfom/Projects/cnn-Makarena-211/petfaces/dog_chihuahua/chihuahua_115.jpg,chihuahua,dog,chihuahua,dog_chihuahua,17,1
/Users/mnfom/Projects/cnn-Makarena-211/petfaces/dog_american/american_bulldog_181.jpg,american_bulldog,dog,american bulldog,dog_american,12,1
/Users/mnfom/Projects/cnn-Makarena-211/petfaces/cat_Bengal/Bengal_123.jpg,Bengal,cat,Bengal,cat_Bengal,1,0
/Users/mnfom/Projects/cnn-Makarena-211/petfaces/dog_pomeranian/pomeranian_100.jpg,pomeranian,dog,pomeranian,dog_pomeranian,28,1
/Users/mnfom/Projects/cnn-Makarena-211/petfaces/cat_Egyptian/Egyptian_Mau_126.jpg,Egyptian_Mau,cat,Egyptian Mau,cat_Egyptian,5,0
/Users/mnfom/Projects/cnn-Makarena-211/petfaces/cat_British/British_Shorthair_101.jpg,British_Shorthair,cat,British Shorthair,cat_British,4,0
/Users/mnfom/Projects/cnn-Makarena-211/petfaces/dog_american/american_bulldog_11.jpg,american_bulldog,dog,american bulldog,dog_american,12,1
/Users/mnfom/Projects/cnn-Makarena-211/petfaces/dog_staffordshire/staffordshire_bull_terrier_113.jpg,staffordshire_bull_terrier,dog,staffordshire bull terrier,dog_staffordshire,34,1
/Users/mnfom/Projects/cnn-Makarena-211/petfaces/dog_newfoundland/newfoundland_14.jpg,newfoundland,dog,newfoundland,dog_newfoundland,27,1
/Users/mnfom/Projects/cnn-Makarena-211/petfaces/dog_wheaten/wheaten_terrier_126.jpg,wheaten_terrier,dog,wheaten terrier,dog_wheaten,35,1
/Users/mnfom/Projects/cnn-Makarena-211/petfaces/dog_scottish/scottish_terrier_105.jpg,scottish_terrier,dog,scottish terrier,dog_scottish,32,1
/Users/mnfom/Projects/cnn-Makarena-211/petfaces/dog_newfoundland/newfoundland_100.jpg,newfoundland,dog,newfoundland,dog_newfoundland,27,1
/Users/mnfom/Projects/cnn-Makarena-211/petfaces/dog_shiba/shiba_inu_155.jpg,shiba_inu,dog,shiba inu,dog_shiba,33,1
/Users/mnfom/Projects/cnn-Makarena-211/petfaces/dog_wheaten/wheaten_terrier_189.jpg,wheaten_terrier,dog,wheaten terrier,dog_wheaten,35,1
/Users/mnfom/Projects/cnn-Makarena-211/petfaces/cat_Russian/Russian_Blue_18.jpg,Russian_Blue,cat,Russian Blue,cat_Russian,9,0
/Users/mnfom/Projects/cnn-Makarena-211/petfaces/dog_samoyed/samoyed_166.jpg,samoyed,dog,samoyed,dog_samoyed,31,1
/Users/mnfom/Projects/cnn-Makarena-211/petfaces/dog_miniature/miniature_pinscher_159.jpg,miniature_pinscher,dog,miniature pinscher,dog_miniature,26,1
/Users/mnfom/Projects/cnn-Makarena-211/petfaces/dog_boxer/boxer_100.jpg,boxer,dog,boxer,dog_boxer,16,1
/Users/mnfom/Projects/cnn-Makarena-211/petfaces/dog_chihuahua/chihuahua_135.jpg,chihuahua,dog,chihuahua,dog_chihuahua,17,1
/Users/mnfom/Projects/cnn-Makarena-211/petfaces/dog_boxer/boxer_130.jpg,boxer,dog,boxer,dog_boxer,16,1
/Users/mnfom/Projects/cnn-Makarena-211/petfaces/dog_american/american_bulldog_18.jpg,american_bulldog,dog,american bulldog,dog_american,12,1
/Users/mnfom/Projects/cnn-Makarena-211/petfaces/dog_boxer/boxer_158.jpg,boxer,dog,boxer,dog_boxer,16,1
/Users/mnfom/Projects/cnn-Makarena-211/petfaces/dog_boxer/boxer_149.jpg,boxer,dog,boxer,dog_boxer,16,1
/Users/mnfom/Projects/cnn-Makarena-211/petfaces/cat_Birman/Birman_126.jpg,Birman,cat,Birman,cat_Birman,2,0
/Users/mnfom/Projects/cnn-Makarena-211/petfaces/dog_great/great_pyrenees_181.jpg,great_pyrenees,dog,great pyrenees,dog_great,21,1
/Users/mnfom/Projects/cnn-Makarena-211/petfaces/dog_yorkshire/yorkshire_terrier_104.jpg,yorkshire_terrier,dog,yorkshire terrier,dog_yorkshire,36,1
/Users/mnfom/Projects/cnn-Makarena-211/petfaces/dog_japanese/japanese_chin_147.jpg,japanese_chin,dog,japanese chin,dog_japanese,23,1
/Users/mnfom/Projects/cnn-Makarena-211/petfaces/cat_Abyssinian/Abyssinian_136.jpg,Abyssinian,cat,Abyssinian,cat_Abyssinian,0,0
/Users/mnfom/Projects/cnn-Makarena-211/petfaces/dog_newfoundland/newfoundland_109.jpg,newfoundland,dog,newfoundland,dog_newfoundland,27,1
/Users/mnfom/Projects/cnn-Makarena-211/petfaces/dog_staffordshire/staffordshire_bull_terrier_15.jpg,staffordshire_bull_terrier,dog,staffordshire bull terrier,dog_staffordshire,34,1
/Users/mnfom/Projects/cnn-Makarena-211/petfaces/dog_pug/pug_142.jpg,pug,dog,pug,dog_pug,29,1
/Users/mnfom/Projects/cnn-Makarena-211/petfaces/cat_Bombay/Bombay_183.jpg,Bombay,cat,Bombay,cat_Bombay,3,0
/Users/mnfom/Projects/cnn-Makarena-211/petfaces/dog_pomeranian/pomeranian_105.jpg,pomeranian,dog,pomeranian,dog_pomeranian,28,1
/Users/mnfom/Projects/cnn-Makarena-211/petfaces/cat_Maine/Maine_Coon_134.jpg,Maine_Coon,cat,Maine Coon,cat_Maine,6,0
/Users/mnfom/Projects/cnn-Makarena-211/petfaces/dog_saint/saint_bernard_128.jpg,saint_bernard,dog,saint bernard,dog_saint,30,1
/Users/mnfom/Projects/cnn-Makarena-211/petfaces/dog_yorkshire/yorkshire_terrier_172.jpg,yorkshire_terrier,dog,yorkshire terrier,dog_yorkshire,36,1
/Users/mnfom/Projects/cnn-Makarena-211/petfaces/dog_pomeranian/pomeranian_175.jpg,pomeranian,dog,pomeranian,dog_pomeranian,28,1
/Users/mnfom/Projects/cnn-Makarena-211/petfaces/cat_Maine/Maine_Coon_191.jpg,Maine_Coon,cat,Maine Coon,cat_Maine,6,0
/Users/mnfom/Projects/cnn-Makarena-211/petfaces/cat_Maine/Maine_Coon_206.jpg,Maine_Coon,cat,Maine Coon,cat_Maine,6,0
/Users/mnfom/Projects/cnn-Makarena-211/petfaces/cat_Ragdoll/Ragdoll_106.jpg,Ragdoll,cat,Ragdoll,cat_Ragdoll,8,0
/Users/mnfom/Projects/cnn-Makarena-211/petfaces/dog_wheaten/wheaten_terrier_13.jpg,wheaten_terrier,dog,wheaten terrier,dog_wheaten,35,1
/Users/mnfom/Projects/cnn-Makarena-211/petfaces/dog_german/german_shorthaired_113.jpg,german_shorthaired,dog,german shorthaired,dog_german,20,1
/Users/mnfom/Projects/cnn-Makarena-211/petfaces/dog_havanese/havanese_176.jpg,havanese,dog,havanese,dog_havanese,22,1
/Users/mnfom/Projects/cnn-Makarena-211/petfaces/dog_newfoundland/newfoundland_121.jpg,newfoundland,dog,newfoundland,dog_newfoundland,27,1
/Users/mnfom/Projects/cnn-Makarena-211/petfaces/dog_chihuahua/chihuahua_152.jpg,chihuahua,dog,chihuahua,dog_chihuahua,17,1
/Users/mnfom/Projects/cnn-Makarena-211/petfaces/cat_Birman/Birman_102.jpg,Birman,cat,Birman,cat_Birman,2,0
/Users/mnfom/Projects/cnn-Makarena-211/petfaces/dog_miniature/miniature_pinscher_157.jpg,miniature_pinscher,dog,miniature pinscher,dog_miniature,26,1
/Users/mnfom/Projects/cnn-Makarena-211/petfaces/cat_Russian/Russian_Blue_122.jpg,Russian_Blue,cat,Russian Blue,cat_Russian,9,0
/Users/mnfom/Projects/cnn-Makarena-211/petfaces/cat_British/British_Shorthair_175.jpg,British_Shorthair,cat,British Shorthair,cat_British,4,0
/Users/mnfom/Projects/cnn-Makarena-211/petfaces/dog_english/english_setter_137.jpg,english_setter,dog,english setter,dog_english,19,1
/Users/mnfom/Projects/cnn-Makarena-211/petfaces/dog_shiba/shiba_inu_119.jpg,shiba_inu,dog,shiba inu,dog_shiba,33,1
/Users/mnfom/Projects/cnn-Makarena-211/petfaces/cat_Abyssinian/Abyssinian_157.jpg,Abyssinian,cat,Abyssinian,cat_Abyssinian,0,0
/Users/mnfom/Projects/cnn-Makarena-211/petfaces/cat_Birman/Birman_185.jpg,Birman,cat,Birman,cat_Birman,2,0
/Users/mnfom/Projects/cnn-Makarena-211/petfaces/dog_english/english_setter_161.jpg,english_setter,dog,english setter,dog_english,19,1
/Users/mnfom/Projects/cnn-Makarena-211/petfaces/dog_basset/basset_hound_128.jpg,basset_hound,dog,basset hound,dog_basset,14,1
/Users/mnfom/Projects/cnn-Makarena-211/petfaces/dog_keeshond/keeshond_170.jpg,keeshond,dog,keeshond,dog_keeshond,24,1
/Users/mnfom/Projects/cnn-Makarena-211/petfaces/cat_Birman/Birman_156.jpg,Birman,cat,Birman,cat_Birman,2,0
/Users/mnfom/Projects/cnn-Makarena-211/petfaces/dog_american/american_pit_bull_terrier_187.jpg,american_pit_bull_terrier,dog,american pit bull terrier,dog_american,13,1
/Users/mnfom/Projects/cnn-Makarena-211/petfaces/dog_pomeranian/pomeranian_169.jpg,pomeranian,dog,pomeranian,dog_pomeranian,28,1
/Users/mnfom/Projects/cnn-Makarena-211/petfaces/dog_pug/pug_186.jpg,pug,dog,pug,dog_pug,29,1
/Users/mnfom/Projects/cnn-Makarena-211/petfaces/dog_chihuahua/chihuahua_149.jpg,chihuahua,dog,chihuahua,dog_chihuahua,17,1
/Users/mnfom/Projects/cnn-Makarena-211/petfaces/dog_japanese/japanese_chin_154.jpg,japanese_chin,dog,japanese chin,dog_japanese,23,1
/Users/mnfom/Projects/cnn-Makarena-211/petfaces/cat_Bombay/Bombay_109.jpg,Bombay,cat,Bombay,cat_Bombay,3,0
/Users/mnfom/Projects/cnn-Makarena-211/petfaces/cat_Abyssinian/Abyssinian_170.jpg,Abyssinian,cat,Abyssinian,cat_Abyssinian,0,0
/Users/mnfom/Projects/cnn-Makarena-211/petfaces/dog_german/german_shorthaired_134.jpg,german_shorthaired,dog,german shorthaired,dog_german,20,1
/Users/mnfom/Projects/cnn-Makarena-211/petfaces/dog_samoyed/samoyed_167.jpg,samoyed,dog,samoyed,dog_samoyed,31,1
/Users/mnfom/Projects/cnn-Makarena-211/petfaces/cat_Birman/Birman_146.jpg,Birman,cat,Birman,cat_Birman,2,0
/Users/mnfom/Projects/cnn-Makarena-211/petfaces/dog_pomeranian/pomeranian_184.jpg,pomeranian,dog,pomeranian,dog_pomeranian,28,1
/Users/mnfom/Projects/cnn-Makarena-211/petfaces/dog_japanese/japanese_chin_131.jpg,japanese_chin,dog,japanese chin,dog_japanese,23,1
/Users/mnfom/Projects/cnn-Makarena-211/petfaces/dog_boxer/boxer_145.jpg,boxer,dog,boxer,dog_boxer,16,1
/Users/mnfom/Projects/cnn-Makarena-211/petfaces/cat_Abyssinian/Abyssinian_195.jpg,Abyssinian,cat,Abyssinian,cat_Abyssinian,0,0
/Users/mnfom/Projects/cnn-Makarena-211/petfaces/dog_newfoundland/newfoundland_136.jpg,newfoundland,dog,newfoundland,dog_newfoundland,27,1
/Users/mnfom/Projects/cnn-Makarena-211/petfaces/dog_newfoundland/newfoundland_164.jpg,newfoundland,dog,newfoundland,dog_newfoundland,27,1
/Users/mnfom/Projects/cnn-Makarena-211/petfaces/dog_shiba/shiba_inu_193.jpg,shiba_inu,dog,shiba inu,dog_shiba,33,1
/Users/mnfom/Projects/cnn-Makarena-211/petfaces/dog_great/great_pyrenees_17.jpg,great_pyrenees,dog,great pyrenees,dog_great,21,1
/Users/mnfom/Projects/cnn-Makarena-211/petfaces/dog_english/english_cocker_spaniel_177.jpg,english_cocker_spaniel,dog,english cocker spaniel,dog_english,18,1
/Users/mnfom/Projects/cnn-Makarena-211/petfaces/cat_Abyssinian/Abyssinian_16.jpg,Abyssinian,cat,Abyssinian,cat_Abyssinian,0,0
/Users/mnfom/Projects/cnn-Makarena-211/petfaces/dog_chihuahua/chihuahua_150.jpg,chihuahua,dog,chihuahua,dog_chihuahua,17,1
/Users/mnfom/Projects/cnn-Makarena-211/petfaces/dog_pug/pug_169.jpg,pug,dog,pug,dog_pug,29,1
/Users/mnfom/Projects/cnn-Makarena-211/petfaces/dog_scottish/scottish_terrier_164.jpg,scottish_terrier,dog,scottish terrier,dog_scottish,32,1
/Users/mnfom/Projects/cnn-Makarena-211/petfaces/dog_shiba/shiba_inu_157.jpg,shiba_inu,dog,shiba inu,dog_shiba,33,1
/Users/mnfom/Projects/cnn-Makarena-211/petfaces/dog_wheaten/wheaten_terrier_166.jpg,wheaten_terrier,dog,wheaten terrier,dog_wheaten,35,1
/Users/mnfom/Projects/cnn-Makarena-211/petfaces/dog_miniature/miniature_pinscher_121.jpg,miniature_pinscher,dog,miniature pinscher,dog_miniature,26,1
/Users/mnfom/Projects/cnn-Makarena-211/petfaces/dog_saint/saint_bernard_169.jpg,saint_bernard,dog,saint bernard,dog_saint,30,1
/Users/mnfom/Projects/cnn-Makarena-211/petfaces/dog_basset/basset_hound_11.jpg,basset_hound,dog,basset hound,dog_basset,14,1
/Users/mnfom/Projects/cnn-Makarena-211/petfaces/dog_english/english_cocker_spaniel_116.jpg,english_cocker_spaniel,dog,english cocker spaniel,dog_english,18,1
/Users/mnfom/Projects/cnn-Makarena-211/petfaces/cat_Russian/Russian_Blue_171.jpg,Russian_Blue,cat,Russian Blue,cat_Russian,9,0
/Users/mnfom/Projects/cnn-Makarena-211/petfaces/dog_shiba/shiba_inu_181.jpg,shiba_inu,dog,shiba inu,dog_shiba,33,1
/Users/mnfom/Projects/cnn-Makarena-211/petfaces/dog_newfoundland/newfoundland_152.jpg,newfoundland,dog,newfoundland,dog_newfoundland,27,1
/Users/mnfom/Projects/cnn-Makarena-211/petfaces/cat_Persian/Persian_179.jpg,Persian,cat,Persian,cat_Persian,7,0
/Users/mnfom/Projects/cnn-Makarena-211/petfaces/cat_Ragdoll/Ragdoll_186.jpg,Ragdoll,cat,Ragdoll,cat_Ragdoll,8,0
/Users/mnfom/Projects/cnn-Makarena-211/petfaces/dog_japanese/japanese_chin_187.jpg,japanese_chin,dog,japanese chin,dog_japanese,23,1
/Users/mnfom/Projects/cnn-Makarena-211/petfaces/cat_Russian/Russian_Blue_191.jpg,Russian_Blue,cat,Russian Blue,cat_Russian,9,0
/Users/mnfom/Projects/cnn-Makarena-211/petfaces/dog_newfoundland/newfoundland_166.jpg,newfoundland,dog,newfoundland,dog_newfoundland,27,1
/Users/mnfom/Projects/cnn-Makarena-211/petfaces/dog_pomeranian/pomeranian_136.jpg,pomeranian,dog,pomeranian,dog_pomeranian,28,1
/Users/mnfom/Projects/cnn-Makarena-211/petfaces/dog_american/american_pit_bull_terrier_15.jpg,american_pit_bull_terrier,dog,american pit bull terrier,dog_american,13,1
/Users/mnfom/Projects/cnn-Makarena-211/petfaces/cat_Bengal/Bengal_104.jpg,Bengal,cat,Bengal,cat_Bengal,1,0
/Users/mnfom/Projects/cnn-Makarena-211/petfaces/dog_saint/saint_bernard_155.jpg,saint_bernard,dog,saint bernard,dog_saint,30,1
/Users/mnfom/Projects/cnn-Makarena-211/petfaces/dog_keeshond/keeshond_110.jpg,keeshond,dog,keeshond,dog_keeshond,24,1
/Users/mnfom/Projects/cnn-Makarena-211/petfaces/cat_British/British_Shorthair_118.jpg,British_Shorthair,cat,British Shorthair,cat_British,4,0
/Users/mnfom/Projects/cnn-Makarena-211/petfaces/dog_scottish/scottish_terrier_144.jpg,scottish_terrier,dog,scottish terrier,dog_scottish,32,1
/Users/mnfom/Projects/cnn-Makarena-211/petfaces/dog_american/american_bulldog_167.jpg,american_bulldog,dog,american bulldog,dog_american,12,1
/Users/mnfom/Projects/cnn-Makarena-211/petfaces/cat_Persian/Persian_10.jpg,Persian,cat,Persian,cat_Persian,7,0
/Users/mnfom/Projects/cnn-Makarena-211/petfaces/cat_Birman/Birman_114.jpg,Birman,cat,Birman,cat_Birman,2,0
/Users/mnfom/Projects/cnn-Makarena-211/petfaces/cat_Siamese/Siamese_201.jpg,Siamese,cat,Siamese,cat_Siamese,10,0
/Users/mnfom/Projects/cnn-Makarena-211/petfaces/dog_beagle/beagle_126.jpg,beagle,dog,beagle,dog_beagle,15,1
/Users/mnfom/Projects/cnn-Makarena-211/petfaces/cat_Sphynx/Sphynx_128.jpg,Sphynx,cat,Sphynx,cat_Sphynx,11,0
/Users/mnfom/Projects/cnn-Makarena-211/petfaces/cat_Sphynx/Sphynx_103.jpg,Sphynx,cat,Sphynx,cat_Sphynx,11,0
/Users/mnfom/Projects/cnn-Makarena-211/petfaces/dog_leonberger/leonberger_119.jpg,leonberger,dog,leonberger,dog_leonberger,25,1
/Users/mnfom/Projects/cnn-Makarena-211/petfaces/dog_basset/basset_hound_187.jpg,basset_hound,dog,basset hound,dog_basset,14,1
/Users/mnfom/Projects/cnn-Makarena-211/petfaces/dog_samoyed/samoyed_143.jpg,samoyed,dog,samoyed,dog_samoyed,31,1
/Users/mnfom/Projects/cnn-Makarena-211/petfaces/cat_Birman/Birman_133.jpg,Birman,cat,Birman,cat_Birman,2,0
/Users/mnfom/Projects/cnn-Makarena-211/petfaces/dog_english/english_cocker_spaniel_164.jpg,english_cocker_spaniel,dog,english cocker spaniel,dog_english,18,1
/Users/mnfom/Projects/cnn-Makarena-211/petfaces/dog_boxer/boxer_15.jpg,boxer,dog,boxer,dog_boxer,16,1
/Users/mnfom/Projects/cnn-Makarena-211/petfaces/cat_Sphynx/Sphynx_183.jpg,Sphynx,cat,Sphynx,cat_Sphynx,11,0
/Users/mnfom/Projects/cnn-Makarena-211/petfaces/dog_newfoundland/newfoundland_116.jpg,newfoundland,dog,newfoundland,dog_newfoundland,27,1
/Users/mnfom/Projects/cnn-Makarena-211/petfaces/dog_pomeranian/pomeranian_143.jpg,pomeranian,dog,pomeranian,dog_pomeranian,28,1
/Users/mnfom/Projects/cnn-Makarena-211/petfaces/cat_Abyssinian/Abyssinian_102.jpg,Abyssinian,cat,Abyssinian,cat_Abyssinian,0,0
/Users/mnfom/Projects/cnn-Makarena-211/petfaces/dog_pug/pug_192.jpg,pug,dog,pug,dog_pug,29,1
/Users/mnfom/Projects/cnn-Makarena-211/petfaces/cat_Persian/Persian_131.jpg,Persian,cat,Persian,cat_Persian,7,0
/Users/mnfom/Projects/cnn-Makarena-211/petfaces/cat_Russian/Russian_Blue_101.jpg,Russian_Blue,cat,Russian Blue,cat_Russian,9,0
/Users/mnfom/Projects/cnn-Makarena-211/petfaces/dog_wheaten/wheaten_terrier_174.jpg,wheaten_terrier,dog,wheaten terrier,dog_wheaten,35,1
/Users/mnfom/Projects/cnn-Makarena-211/petfaces/dog_english/english_cocker_spaniel_184.jpg,english_cocker_spaniel,dog,english cocker spaniel,dog_english,18,1
/Users/mnfom/Projects/cnn-Makarena-211/petfaces/cat_Birman/Birman_116.jpg,Birman,cat,Birman,cat_Birman,2,0
/Users/mnfom/Projects/cnn-Makarena-211/petfaces/dog_english/english_setter_174.jpg,english_setter,dog,english setter,dog_english,19,1
/Users/mnfom/Projects/cnn-Makarena-211/petfaces/cat_Bengal/Bengal_179.jpg,Bengal,cat,Bengal,cat_Bengal,1,0
/Users/mnfom/Projects/cnn-Makarena-211/petfaces/dog_pug/pug_146.jpg,pug,dog,pug,dog_pug,29,1
/Users/mnfom/Projects/cnn-Makarena-211/petfaces/cat_Siamese/Siamese_133.jpg,Siamese,cat,Siamese,cat_Siamese,10,0
/Users/mnfom/Projects/cnn-Makarena-211/petfaces/dog_samoyed/samoyed_144.jpg,samoyed,dog,samoyed,dog_samoyed,31,1
/Users/mnfom/Projects/cnn-Makarena-211/petfaces/cat_Sphynx/Sphynx_105.jpg,Sphynx,cat,Sphynx,cat_Sphynx,11,0
/Users/mnfom/Projects/cnn-Makarena-211/petfaces/cat_Sphynx/Sphynx_11.jpg,Sphynx,cat,Sphynx,cat_Sphynx,11,0
/Users/mnfom/Projects/cnn-Makarena-211/petfaces/dog_staffordshire/staffordshire_bull_terrier_17.jpg,staffordshire_bull_terrier,dog,staffordshire bull terrier,dog_staffordshire,34,1
/Users/mnfom/Projects/cnn-Makarena-211/petfaces/cat_Ragdoll/Ragdoll_162.jpg,Ragdoll,cat,Ragdoll,cat_Ragdoll,8,0
/Users/mnfom/Projects/cnn-Makarena-211/petfaces/cat_Bengal/Bengal_151.jpg,Bengal,cat,Bengal,cat_Bengal,1,0
/Users/mnfom/Projects/cnn-Makarena-211/petfaces/cat_Bengal/Bengal_188.jpg,Bengal,cat,Bengal,cat_Bengal,1,0
/Users/mnfom/Projects/cnn-Makarena-211/petfaces/cat_Siamese/Siamese_159.jpg,Siamese,cat,Siamese,cat_Siamese,10,0
/Users/mnfom/Projects/cnn-Makarena-211/petfaces/dog_pomeranian/pomeranian_111.jpg,pomeranian,dog,pomeranian,dog_pomeranian,28,1
/Users/mnfom/Projects/cnn-Makarena-211/petfaces/dog_english/english_setter_115.jpg,english_setter,dog,english setter,dog_english,19,1
/Users/mnfom/Projects/cnn-Makarena-211/petfaces/dog_basset/basset_hound_124.jpg,basset_hound,dog,basset hound,dog_basset,14,1
/Users/mnfom/Projects/cnn-Makarena-211/petfaces/dog_american/american_bulldog_126.jpg,american_bulldog,dog,american bulldog,dog_american,12,1
/Users/mnfom/Projects/cnn-Makarena-211/petfaces/dog_scottish/scottish_terrier_183.jpg,scottish_terrier,dog,scottish terrier,dog_scottish,32,1
/Users/mnfom/Projects/cnn-Makarena-211/petfaces/dog_great/great_pyrenees_128.jpg,great_pyrenees,dog,great pyrenees,dog_great,21,1
/Users/mnfom/Projects/cnn-Makarena-211/petfaces/dog_basset/basset_hound_133.jpg,basset_hound,dog,basset hound,dog_basset,14,1
/Users/mnfom/Projects/cnn-Makarena-211/petfaces/dog_miniature/miniature_pinscher_14.jpg,miniature_pinscher,dog,miniature pinscher,dog_miniature,26,1
/Users/mnfom/Projects/cnn-Makarena-211/petfaces/dog_miniature/miniature_pinscher_110.jpg,miniature_pinscher,dog,miniature pinscher,dog_miniature,26,1
/Users/mnfom/Projects/cnn-Makarena-211/petfaces/dog_keeshond/keeshond_131.jpg,keeshond,dog,keeshond,dog_keeshond,24,1
/Users/mnfom/Projects/cnn-Makarena-211/petfaces/dog_newfoundland/newfoundland_15.jpg,newfoundland,dog,newfoundland,dog_newfoundland,27,1
/Users/mnfom/Projects/cnn-Makarena-211/petfaces/dog_basset/basset_hound_123.jpg,basset_hound,dog,basset hound,dog_basset,14,1
/Users/mnfom/Projects/cnn-Makarena-211/petfaces/dog_pug/pug_128.jpg,pug,dog,pug,dog_pug,29,1
/Users/mnfom/Projects/cnn-Makarena-211/petfaces/dog_staffordshire/staffordshire_bull_terrier_144.jpg,staffordshire_bull_terrier,dog,staffordshire bull terrier,dog_staffordshire,34,1
/Users/mnfom/Projects/cnn-Makarena-211/petfaces/dog_pomeranian/pomeranian_148.jpg,pomeranian,dog,pomeranian,dog_pomeranian,28,1
/Users/mnfom/Projects/cnn-Makarena-211/petfaces/cat_Maine/Maine_Coon_203.jpg,Maine_Coon,cat,Maine Coon,cat_Maine,6,0
/Users/mnfom/Projects/cnn-Makarena-211/petfaces/dog_miniature/miniature_pinscher_144.jpg,miniature_pinscher,dog,miniature pinscher,dog_miniature,26,1
/Users/mnfom/Projects/cnn-Makarena-211/petfaces/cat_Russian/Russian_Blue_110.jpg,Russian_Blue,cat,Russian Blue,cat_Russian,9,0
/Users/mnfom/Projects/cnn-Makarena-211/petfaces/dog_shiba/shiba_inu_123.jpg,shiba_inu,dog,shiba inu,dog_shiba,33,1
/Users/mnfom/Projects/cnn-Makarena-211/petfaces/cat_Bengal/Bengal_132.jpg,Bengal,cat,Bengal,cat_Bengal,1,0
/Users/mnfom/Projects/cnn-Makarena-211/petfaces/cat_Persian/Persian_125.jpg,Persian,cat,Persian,cat_Persian,7,0
/Users/mnfom/Projects/cnn-Makarena-211/petfaces/cat_Birman/Birman_158.jpg,Birman,cat,Birman,cat_Birman,2,0
/Users/mnfom/Projects/cnn-Makarena-211/petfaces/dog_beagle/beagle_110.jpg,beagle,dog,beagle,dog_beagle,15,1
/Users/mnfom/Projects/cnn-Makarena-211/petfaces/dog_miniature/miniature_pinscher_143.jpg,miniature_pinscher,dog,miniature pinscher,dog_miniature,26,1
/Users/mnfom/Projects/cnn-Makarena-211/petfaces/dog_leonberger/leonberger_188.jpg,leonberger,dog,leonberger,dog_leonberger,25,1
/Users/mnfom/Projects/cnn-Makarena-211/petfaces/cat_Maine/Maine_Coon_149.jpg,Maine_Coon,cat,Maine Coon,cat_Maine,6,0
/Users/mnfom/Projects/cnn-Makarena-211/petfaces/dog_great/great_pyrenees_174.jpg,great_pyrenees,dog,great pyrenees,dog_great,21,1
/Users/mnfom/Projects/cnn-Makarena-211/petfaces/dog_english/english_cocker_spaniel_160.jpg,english_cocker_spaniel,dog,english cocker spaniel,dog_english,18,1
/Users/mnfom/Projects/cnn-Makarena-211/petfaces/dog_german/german_shorthaired_174.jpg,german_shorthaired,dog,german shorthaired,dog_german,20,1
/Users/mnfom/Projects/cnn-Makarena-211/petfaces/dog_newfoundland/newfoundland_151.jpg,newfoundland,dog,newfoundland,dog_newfoundland,27,1
/Users/mnfom/Projects/cnn-Makarena-211/petfaces/dog_yorkshire/yorkshire_terrier_100.jpg,yorkshire_terrier,dog,yorkshire terrier,dog_yorkshire,36,1
/Users/mnfom/Projects/cnn-Makarena-211/petfaces/dog_leonberger/leonberger_103.jpg,leonberger,dog,leonberger,dog_leonberger,25,1
/Users/mnfom/Projects/cnn-Makarena-211/petfaces/dog_german/german_shorthaired_107.jpg,german_shorthaired,dog,german shorthaired,dog_german,20,1
/Users/mnfom/Projects/cnn-Makarena-211/petfaces/cat_Bombay/Bombay_175.jpg,Bombay,cat,Bombay,cat_Bombay,3,0
/Users/mnfom/Projects/cnn-Makarena-211/petfaces/dog_boxer/boxer_115.jpg,boxer,dog,boxer,dog_boxer,16,1
/Users/mnfom/Projects/cnn-Makarena-211/petfaces/dog_miniature/miniature_pinscher_166.jpg,miniature_pinscher,dog,miniature pinscher,dog_miniature,26,1
/Users/mnfom/Projects/cnn-Makarena-211/petfaces/dog_german/german_shorthaired_111.jpg,german_shorthaired,dog,german shorthaired,dog_german,20,1
/Users/mnfom/Projects/cnn-Makarena-211/petfaces/dog_american/american_pit_bull_terrier_101.jpg,american_pit_bull_terrier,dog,american pit bull terrier,dog_american,13,1
/Users/mnfom/Projects/cnn-Makarena-211/petfaces/cat_Maine/Maine_Coon_16.jpg,Maine_Coon,cat,Maine Coon,cat_Maine,6,0
/Users/mnfom/Projects/cnn-Makarena-211/petfaces/dog_scottish/scottish_terrier_116.jpg,scottish_terrier,dog,scottish terrier,dog_scottish,32,1
/Users/mnfom/Projects/cnn-Makarena-211/petfaces/dog_shiba/shiba_inu_186.jpg,shiba_inu,dog,shiba inu,dog_shiba,33,1
/Users/mnfom/Projects/cnn-Makarena-211/petfaces/dog_boxer/boxer_127.jpg,boxer,dog,boxer,dog_boxer,16,1
/Users/mnfom/Projects/cnn-Makarena-211/petfaces/dog_keeshond/keeshond_136.jpg,keeshond,dog,keeshond,dog_keeshond,24,1
/Users/mnfom/Projects/cnn-Makarena-211/petfaces/cat_Maine/Maine_Coon_104.jpg,Maine_Coon,cat,Maine Coon,cat_Maine,6,0
/Users/mnfom/Projects/cnn-Makarena-211/petfaces/dog_scottish/scottish_terrier_133.jpg,scottish_terrier,dog,scottish terrier,dog_scottish,32,1
/Users/mnfom/Projects/cnn-Makarena-211/petfaces/dog_pomeranian/pomeranian_151.jpg,pomeranian,dog,pomeranian,dog_pomeranian,28,1
/Users/mnfom/Projects/cnn-Makarena-211/petfaces/cat_Persian/Persian_166.jpg,Persian,cat,Persian,cat_Persian,7,0
/Users/mnfom/Projects/cnn-Makarena-211/petfaces/dog_leonberger/leonberger_124.jpg,leonberger,dog,leonberger,dog_leonberger,25,1
/Users/mnfom/Projects/cnn-Makarena-211/petfaces/cat_Ragdoll/Ragdoll_160.jpg,Ragdoll,cat,Ragdoll,cat_Ragdoll,8,0
/Users/mnfom/Projects/cnn-Makarena-211/petfaces/dog_basset/basset_hound_135.jpg,basset_hound,dog,basset hound,dog_basset,14,1
/Users/mnfom/Projects/cnn-Makarena-211/petfaces/dog_american/american_pit_bull_terrier_118.jpg,american_pit_bull_terrier,dog,american pit bull terrier,dog_american,13,1
/Users/mnfom/Projects/cnn-Makarena-211/petfaces/dog_american/american_bulldog_138.jpg,american_bulldog,dog,american bulldog,dog_american,12,1
/Users/mnfom/Projects/cnn-Makarena-211/petfaces/dog_samoyed/samoyed_163.jpg,samoyed,dog,samoyed,dog_samoyed,31,1
/Users/mnfom/Projects/cnn-Makarena-211/petfaces/cat_Russian/Russian_Blue_12.jpg,Russian_Blue,cat,Russian Blue,cat_Russian,9,0
/Users/mnfom/Projects/cnn-Makarena-211/petfaces/cat_Abyssinian/Abyssinian_152.jpg,Abyssinian,cat,Abyssinian,cat_Abyssinian,0,0
/Users/mnfom/Projects/cnn-Makarena-211/petfaces/cat_Egyptian/Egyptian_Mau_193.jpg,Egyptian_Mau,cat,Egyptian Mau,cat_Egyptian,5,0
/Users/mnfom/Projects/cnn-Makarena-211/petfaces/dog_yorkshire/yorkshire_terrier_128.jpg,yorkshire_terrier,dog,yorkshire terrier,dog_yorkshire,36,1
/Users/mnfom/Projects/cnn-Makarena-211/petfaces/dog_english/english_cocker_spaniel_132.jpg,english_cocker_spaniel,dog,english cocker spaniel,dog_english,18,1
/Users/mnfom/Projects/cnn-Makarena-211/petfaces/dog_boxer/boxer_167.jpg,boxer,dog,boxer,dog_boxer,16,1
/Users/mnfom/Projects/cnn-Makarena-211/petfaces/dog_keeshond/keeshond_115.jpg,keeshond,dog,keeshond,dog_keeshond,24,1
/Users/mnfom/Projects/cnn-Makarena-211/petfaces/cat_Maine/Maine_Coon_182.jpg,Maine_Coon,cat,Maine Coon,cat_Maine,6,0
/Users/mnfom/Projects/cnn-Makarena-211/petfaces/dog_staffordshire/staffordshire_bull_terrier_165.jpg,staffordshire_bull_terrier,dog,staffordshire bull terrier,dog_staffordshire,34,1
/Users/mnfom/Projects/cnn-Makarena-211/petfaces/dog_great/great_pyrenees_105.jpg,great_pyrenees,dog,great pyrenees,dog_great,21,1
/Users/mnfom/Projects/cnn-Makarena-211/petfaces/cat_Maine/Maine_Coon_126.jpg,Maine_Coon,cat,Maine Coon,cat_Maine,6,0
/Users/mnfom/Projects/cnn-Makarena-211/petfaces/cat_British/British_Shorthair_180.jpg,British_Shorthair,cat,British Shorthair,cat_British,4,0
/Users/mnfom/Projects/cnn-Makarena-211/petfaces/dog_chihuahua/chihuahua_119.jpg,chihuahua,dog,chihuahua,dog_chihuahua,17,1
/Users/mnfom/Projects/cnn-Makarena-211/petfaces/dog_beagle/beagle_184.jpg,beagle,dog,beagle,dog_beagle,15,1
/Users/mnfom/Projects/cnn-Makarena-211/petfaces/cat_Sphynx/Sphynx_188.jpg,Sphynx,cat,Sphynx,cat_Sphynx,11,0
/Users/mnfom/Projects/cnn-Makarena-211/petfaces/dog_basset/basset_hound_176.jpg,basset_hound,dog,basset hound,dog_basset,14,1
/Users/mnfom/Projects/cnn-Makarena-211/petfaces/dog_american/american_bulldog_148.jpg,american_bulldog,dog,american bulldog,dog_american,12,1
/Users/mnfom/Projects/cnn-Makarena-211/petfaces/dog_miniature/miniature_pinscher_108.jpg,miniature_pinscher,dog,miniature pinscher,dog_miniature,26,1
/Users/mnfom/Projects/cnn-Makarena-211/petfaces/dog_keeshond/keeshond_149.jpg,keeshond,dog,keeshond,dog_keeshond,24,1
/Users/mnfom/Projects/cnn-Makarena-211/petfaces/dog_german/german_shorthaired_129.jpg,german_shorthaired,dog,german shorthaired,dog_german,20,1
/Users/mnfom/Projects/cnn-Makarena-211/petfaces/dog_english/english_cocker_spaniel_175.jpg,english_cocker_spaniel,dog,english cocker spaniel,dog_english,18,1
/Users/mnfom/Projects/cnn-Makarena-211/petfaces/cat_British/British_Shorthair_149.jpg,British_Shorthair,cat,British Shorthair,cat_British,4,0
/Users/mnfom/Projects/cnn-Makarena-211/petfaces/dog_english/english_cocker_spaniel_138.jpg,english_cocker_spaniel,dog,english cocker spaniel,dog_english,18,1
/Users/mnfom/Projects/cnn-Makarena-211/petfaces/dog_staffordshire/staffordshire_bull_terrier_11.jpg,staffordshire_bull_terrier,dog,staffordshire bull terrier,dog_staffordshire,34,1
/Users/mnfom/Projects/cnn-Makarena-211/petfaces/dog_english/english_cocker_spaniel_190.jpg,english_cocker_spaniel,dog,english cocker spaniel,dog_english,18,1
/Users/mnfom/Projects/cnn-Makarena-211/petfaces/cat_Bengal/Bengal_143.jpg,Bengal,cat,Bengal,cat_Bengal,1,0
/Users/mnfom/Projects/cnn-Makarena-211/petfaces/cat_British/British_Shorthair_128.jpg,British_Shorthair,cat,British Shorthair,cat_British,4,0
/Users/mnfom/Projects/cnn-Makarena-211/petfaces/cat_Russian/Russian_Blue_125.jpg,Russian_Blue,cat,Russian Blue,cat_Russian,9,0
/Users/mnfom/Projects/cnn-Makarena-211/petfaces/dog_american/american_pit_bull_terrier_182.jpg,american_pit_bull_terrier,dog,american pit bull terrier,dog_american,13,1
/Users/mnfom/Projects/cnn-Makarena-211/petfaces/dog_samoyed/samoyed_127.jpg,samoyed,dog,samoyed,dog_samoyed,31,1
/Users/mnfom/Projects/cnn-Makarena-211/petfaces/dog_american/american_bulldog_200.jpg,american_bulldog,dog,american bulldog,dog_american,12,1
/Users/mnfom/Projects/cnn-Makarena-211/petfaces/dog_boxer/boxer_157.jpg,boxer,dog,boxer,dog_boxer,16,1
/Users/mnfom/Projects/cnn-Makarena-211/petfaces/dog_great/great_pyrenees_108.jpg,great_pyrenees,dog,great pyrenees,dog_great,21,1
/Users/mnfom/Projects/cnn-Makarena-211/petfaces/cat_Persian/Persian_147.jpg,Persian,cat,Persian,cat_Persian,7,0
/Users/mnfom/Projects/cnn-Makarena-211/petfaces/cat_Birman/Birman_170.jpg,Birman,cat,Birman,cat_Birman,2,0
/Users/mnfom/Projects/cnn-Makarena-211/petfaces/cat_British/British_Shorthair_136.jpg,British_Shorthair,cat,British Shorthair,cat_British,4,0
/Users/mnfom/Projects/cnn-Makarena-211/petfaces/cat_Persian/Persian_200.jpg,Persian,cat,Persian,cat_Persian,7,0
/Users/mnfom/Projects/cnn-Makarena-211/petfaces/dog_english/english_cocker_spaniel_131.jpg,english_cocker_spaniel,dog,english cocker spaniel,dog_english,18,1
/Users/mnfom/Projects/cnn-Makarena-211/petfaces/dog_saint/saint_bernard_164.jpg,saint_bernard,dog,saint bernard,dog_saint,30,1
/Users/mnfom/Projects/cnn-Makarena-211/petfaces/cat_British/British_Shorthair_198.jpg,British_Shorthair,cat,British Shorthair,cat_British,4,0
/Users/mnfom/Projects/cnn-Makarena-211/petfaces/dog_chihuahua/chihuahua_184.jpg,chihuahua,dog,chihuahua,dog_chihuahua,17,1
/Users/mnfom/Projects/cnn-Makarena-211/petfaces/dog_havanese/havanese_152.jpg,havanese,dog,havanese,dog_havanese,22,1
/Users/mnfom/Projects/cnn-Makarena-211/petfaces/dog_scottish/scottish_terrier_12.jpg,scottish_terrier,dog,scottish terrier,dog_scottish,32,1
/Users/mnfom/Projects/cnn-Makarena-211/petfaces/dog_shiba/shiba_inu_140.jpg,shiba_inu,dog,shiba inu,dog_shiba,33,1
/Users/mnfom/Projects/cnn-Makarena-211/petfaces/dog_staffordshire/staffordshire_bull_terrier_13.jpg,staffordshire_bull_terrier,dog,staffordshire bull terrier,dog_staffordshire,34,1
/Users/mnfom/Projects/cnn-Makarena-211/petfaces/dog_newfoundland/newfoundland_111.jpg,newfoundland,dog,newfoundland,dog_newfoundland,27,1
/Users/mnfom/Projects/cnn-Makarena-211/petfaces/dog_samoyed/samoyed_131.jpg,samoyed,dog,samoyed,dog_samoyed,31,1
/Users/mnfom/Projects/cnn-Makarena-211/petfaces/cat_Siamese/Siamese_119.jpg,Siamese,cat,Siamese,cat_Siamese,10,0
/Users/mnfom/Projects/cnn-Makarena-211/petfaces/dog_english/english_setter_132.jpg,english_setter,dog,english setter,dog_english,19,1
/Users/mnfom/Projects/cnn-Makarena-211/petfaces/cat_Abyssinian/Abyssinian_130.jpg,Abyssinian,cat,Abyssinian,cat_Abyssinian,0,0
/Users/mnfom/Projects/cnn-Makarena-211/petfaces/dog_german/german_shorthaired_168.jpg,german_shorthaired,dog,german shorthaired,dog_german,20,1
/Users/mnfom/Projects/cnn-Makarena-211/petfaces/dog_miniature/miniature_pinscher_136.jpg,miniature_pinscher,dog,miniature pinscher,dog_miniature,26,1
/Users/mnfom/Projects/cnn-Makarena-211/petfaces/dog_saint/saint_bernard_136.jpg,saint_bernard,dog,saint bernard,dog_saint,30,1
/Users/mnfom/Projects/cnn-Makarena-211/petfaces/dog_beagle/beagle_182.jpg,beagle,dog,beagle,dog_beagle,15,1
/Users/mnfom/Projects/cnn-Makarena-211/petfaces/dog_american/american_bulldog_108.jpg,american_bulldog,dog,american bulldog,dog_american,12,1
/Users/mnfom/Projects/cnn-Makarena-211/petfaces/dog_pomeranian/pomeranian_149.jpg,pomeranian,dog,pomeranian,dog_pomeranian,28,1
/Users/mnfom/Projects/cnn-Makarena-211/petfaces/dog_leonberger/leonberger_164.jpg,leonberger,dog,leonberger,dog_leonberger,25,1
/Users/mnfom/Projects/cnn-Makarena-211/petfaces/dog_newfoundland/newfoundland_174.jpg,newfoundland,dog,newfoundland,dog_newfoundland,27,1
/Users/mnfom/Projects/cnn-Makarena-211/petfaces/cat_Maine/Maine_Coon_158.jpg,Maine_Coon,cat,Maine Coon,cat_Maine,6,0
/Users/mnfom/Projects/cnn-Makarena-211/petfaces/dog_newfoundland/newfoundland_157.jpg,newfoundland,dog,newfoundland,dog_newfoundland,27,1
/Users/mnfom/Projects/cnn-Makarena-211/petfaces/dog_american/american_pit_bull_terrier_161.jpg,american_pit_bull_terrier,dog,american pit bull terrier,dog_american,13,1
/Users/mnfom/Projects/cnn-Makarena-211/petfaces/cat_Bengal/Bengal_134.jpg,Bengal,cat,Bengal,cat_Bengal,1,0
/Users/mnfom/Projects/cnn-Makarena-211/petfaces/dog_boxer/boxer_104.jpg,boxer,dog,boxer,dog_boxer,16,1
/Users/mnfom/Projects/cnn-Makarena-211/petfaces/dog_boxer/boxer_160.jpg,boxer,dog,boxer,dog_boxer,16,1
/Users/mnfom/Projects/cnn-Makarena-211/petfaces/cat_Sphynx/Sphynx_202.jpg,Sphynx,cat,Sphynx,cat_Sphynx,11,0
/Users/mnfom/Projects/cnn-Makarena-211/petfaces/dog_keeshond/keeshond_172.jpg,keeshond,dog,keeshond,dog_keeshond,24,1
/Users/mnfom/Projects/cnn-Makarena-211/petfaces/dog_samoyed/samoyed_113.jpg,samoyed,dog,samoyed,dog_samoyed,31,1
/Users/mnfom/Projects/cnn-Makarena-211/petfaces/dog_american/american_bulldog_152.jpg,american_bulldog,dog,american bulldog,dog_american,12,1
/Users/mnfom/Projects/cnn-Makarena-211/petfaces/dog_leonberger/leonberger_113.jpg,leonberger,dog,leonberger,dog_leonberger,25,1
/Users/mnfom/Projects/cnn-Makarena-211/petfaces/cat_Maine/Maine_Coon_101.jpg,Maine_Coon,cat,Maine Coon,cat_Maine,6,0
/Users/mnfom/Projects/cnn-Makarena-211/petfaces/dog_saint/saint_bernard_183.jpg,saint_bernard,dog,saint bernard,dog_saint,30,1
/Users/mnfom/Projects/cnn-Makarena-211/petfaces/dog_newfoundland/newfoundland_177.jpg,newfoundland,dog,newfoundland,dog_newfoundland,27,1
/Users/mnfom/Projects/cnn-Makarena-211/petfaces/dog_english/english_setter_141.jpg,english_setter,dog,english setter,dog_english,19,1
/Users/mnfom/Projects/cnn-Makarena-211/petfaces/cat_Bengal/Bengal_130.jpg,Bengal,cat,Bengal,cat_Bengal,1,0
/Users/mnfom/Projects/cnn-Makarena-211/petfaces/cat_Bombay/Bombay_121.jpg,Bombay,cat,Bombay,cat_Bombay,3,0
/Users/mnfom/Projects/cnn-Makarena-211/petfaces/dog_newfoundland/newfoundland_163.jpg,newfoundland,dog,newfoundland,dog_newfoundland,27,1
/Users/mnfom/Projects/cnn-Makarena-211/petfaces/cat_Siamese/Siamese_207.jpg,Siamese,cat,Siamese,cat_Siamese,10,0
/Users/mnfom/Projects/cnn-Makarena-211/petfaces/cat_Bombay/Bombay_118.jpg,Bombay,cat,Bombay,cat_Bombay,3,0
/Users/mnfom/Projects/cnn-Makarena-211/petfaces/dog_scottish/scottish_terrier_130.jpg,scottish_terrier,dog,scottish terrier,dog_scottish,32,1
/Users/mnfom/Projects/cnn-Makarena-211/petfaces/dog_beagle/beagle_119.jpg,beagle,dog,beagle,dog_beagle,15,1
/Users/mnfom/Projects/cnn-Makarena-211/petfaces/dog_shiba/shiba_inu_126.jpg,shiba_inu,dog,shiba inu,dog_shiba,33,1
/Users/mnfom/Projects/cnn-Makarena-211/petfaces/cat_British/British_Shorthair_190.jpg,British_Shorthair,cat,British Shorthair,cat_British,4,0
/Users/mnfom/Projects/cnn-Makarena-211/petfaces/cat_Bombay/Bombay_132.jpg,Bombay,cat,Bombay,cat_Bombay,3,0
/Users/mnfom/Projects/cnn-Makarena-211/petfaces/cat_Siamese/Siamese_175.jpg,Siamese,cat,Siamese,cat_Siamese,10,0
/Users/mnfom/Projects/cnn-Makarena-211/petfaces/dog_basset/basset_hound_163.jpg,basset_hound,dog,basset hound,dog_basset,14,1
/Users/mnfom/Projects/cnn-Makarena-211/petfaces/dog_wheaten/wheaten_terrier_114.jpg,wheaten_terrier,dog,wheaten terrier,dog_wheaten,35,1
/Users/mnfom/Projects/cnn-Makarena-211/petfaces/dog_american/american_pit_bull_terrier_167.jpg,american_pit_bull_terrier,dog,american pit bull terrier,dog_american,13,1
/Users/mnfom/Projects/cnn-Makarena-211/petfaces/cat_Bengal/Bengal_149.jpg,Bengal,cat,Bengal,cat_Bengal,1,0
/Users/mnfom/Projects/cnn-Makarena-211/petfaces/dog_english/english_cocker_spaniel_16.jpg,english_cocker_spaniel,dog,english cocker spaniel,dog_english,18,1
/Users/mnfom/Projects/cnn-Makarena-211/petfaces/dog_keeshond/keeshond_141.jpg,keeshond,dog,keeshond,dog_keeshond,24,1
/Users/mnfom/Projects/cnn-Makarena-211/petfaces/dog_american/american_bulldog_143.jpg,american_bulldog,dog,american bulldog,dog_american,12,1
/Users/mnfom/Projects/cnn-Makarena-211/petfaces/dog_american/american_bulldog_113.jpg,american_bulldog,dog,american bulldog,dog_american,12,1
/Users/mnfom/Projects/cnn-Makarena-211/petfaces/cat_Russian/Russian_Blue_16.jpg,Russian_Blue,cat,Russian Blue,cat_Russian,9,0
/Users/mnfom/Projects/cnn-Makarena-211/petfaces/cat_Siamese/Siamese_161.jpg,Siamese,cat,Siamese,cat_Siamese,10,0
/Users/mnfom/Projects/cnn-Makarena-211/petfaces/dog_pomeranian/pomeranian_166.jpg,pomeranian,dog,pomeranian,dog_pomeranian,28,1
/Users/mnfom/Projects/cnn-Makarena-211/petfaces/dog_basset/basset_hound_130.jpg,basset_hound,dog,basset hound,dog_basset,14,1
/Users/mnfom/Projects/cnn-Makarena-211/petfaces/dog_american/american_bulldog_19.jpg,american_bulldog,dog,american bulldog,dog_american,12,1
/Users/mnfom/Projects/cnn-Makarena-211/petfaces/dog_pomeranian/pomeranian_171.jpg,pomeranian,dog,pomeranian,dog_pomeranian,28,1
/Users/mnfom/Projects/cnn-Makarena-211/petfaces/dog_boxer/boxer_138.jpg,boxer,dog,boxer,dog_boxer,16,1
/Users/mnfom/Projects/cnn-Makarena-211/petfaces/dog_wheaten/wheaten_terrier_187.jpg,wheaten_terrier,dog,wheaten terrier,dog_wheaten,35,1
/Users/mnfom/Projects/cnn-Makarena-211/petfaces/dog_saint/saint_bernard_109.jpg,saint_bernard,dog,saint bernard,dog_saint,30,1
/Users/mnfom/Projects/cnn-Makarena-211/petfaces/dog_pomeranian/pomeranian_146.jpg,pomeranian,dog,pomeranian,dog_pomeranian,28,1
/Users/mnfom/Projects/cnn-Makarena-211/petfaces/cat_Bengal/Bengal_171.jpg,Bengal,cat,Bengal,cat_Bengal,1,0
/Users/mnfom/Projects/cnn-Makarena-211/petfaces/dog_newfoundland/newfoundland_102.jpg,newfoundland,dog,newfoundland,dog_newfoundland,27,1
/Users/mnfom/Projects/cnn-Makarena-211/petfaces/cat_Bengal/Bengal_137.jpg,Bengal,cat,Bengal,cat_Bengal,1,0
/Users/mnfom/Projects/cnn-Makarena-211/petfaces/dog_pug/pug_11.jpg,pug,dog,pug,dog_pug,29,1
/Users/mnfom/Projects/cnn-Makarena-211/petfaces/cat_Persian/Persian_160.jpg,Persian,cat,Persian,cat_Persian,7,0
/Users/mnfom/Projects/cnn-Makarena-211/petfaces/dog_saint/saint_bernard_121.jpg,saint_bernard,dog,saint bernard,dog_saint,30,1
/Users/mnfom/Projects/cnn-Makarena-211/petfaces/dog_english/english_setter_157.jpg,english_setter,dog,english setter,dog_english,19,1
/Users/mnfom/Projects/cnn-Makarena-211/petfaces/dog_chihuahua/chihuahua_118.jpg,chihuahua,dog,chihuahua,dog_chihuahua,17,1
/Users/mnfom/Projects/cnn-Makarena-211/petfaces/cat_Russian/Russian_Blue_153.jpg,Russian_Blue,cat,Russian Blue,cat_Russian,9,0
/Users/mnfom/Projects/cnn-Makarena-211/petfaces/dog_shiba/shiba_inu_191.jpg,shiba_inu,dog,shiba inu,dog_shiba,33,1
/Users/mnfom/Projects/cnn-Makarena-211/petfaces/cat_British/British_Shorthair_103.jpg,British_Shorthair,cat,British Shorthair,cat_British,4,0
/Users/mnfom/Projects/cnn-Makarena-211/petfaces/dog_keeshond/keeshond_102.jpg,keeshond,dog,keeshond,dog_keeshond,24,1
/Users/mnfom/Projects/cnn-Makarena-211/petfaces/dog_great/great_pyrenees_109.jpg,great_pyrenees,dog,great pyrenees,dog_great,21,1
/Users/mnfom/Projects/cnn-Makarena-211/petfaces/cat_Russian/Russian_Blue_165.jpg,Russian_Blue,cat,Russian Blue,cat_Russian,9,0
/Users/mnfom/Projects/cnn-Makarena-211/petfaces/cat_Egyptian/Egyptian_Mau_10.jpg,Egyptian_Mau,cat,Egyptian Mau,cat_Egyptian,5,0
/Users/mnfom/Projects/cnn-Makarena-211/petfaces/cat_Abyssinian/Abyssinian_112.jpg,Abyssinian,cat,Abyssinian,cat_Abyssinian,0,0
/Users/mnfom/Projects/cnn-Makarena-211/petfaces/cat_British/British_Shorthair_137.jpg,British_Shorthair,cat,British Shorthair,cat_British,4,0
/Users/mnfom/Projects/cnn-Makarena-211/petfaces/dog_beagle/beagle_171.jpg,beagle,dog,beagle,dog_beagle,15,1
/Users/mnfom/Projects/cnn-Makarena-211/petfaces/dog_pomeranian/pomeranian_104.jpg,pomeranian,dog,pomeranian,dog_pomeranian,28,1
/Users/mnfom/Projects/cnn-Makarena-211/petfaces/dog_havanese/havanese_108.jpg,havanese,dog,havanese,dog_havanese,22,1
/Users/mnfom/Projects/cnn-Makarena-211/petfaces/cat_Egyptian/Egyptian_Mau_109.jpg,Egyptian_Mau,cat,Egyptian Mau,cat_Egyptian,5,0
/Users/mnfom/Projects/cnn-Makarena-211/petfaces/cat_Ragdoll/Ragdoll_112.jpg,Ragdoll,cat,Ragdoll,cat_Ragdoll,8,0
/Users/mnfom/Projects/cnn-Makarena-211/petfaces/dog_great/great_pyrenees_132.jpg,great_pyrenees,dog,great pyrenees,dog_great,21,1
/Users/mnfom/Projects/cnn-Makarena-211/petfaces/dog_japanese/japanese_chin_165.jpg,japanese_chin,dog,japanese chin,dog_japanese,23,1
/Users/mnfom/Projects/cnn-Makarena-211/petfaces/cat_Russian/Russian_Blue_151.jpg,Russian_Blue,cat,Russian Blue,cat_Russian,9,0
/Users/mnfom/Projects/cnn-Makarena-211/petfaces/dog_english/english_cocker_spaniel_11.jpg,english_cocker_spaniel,dog,english cocker spaniel,dog_english,18,1
/Users/mnfom/Projects/cnn-Makarena-211/petfaces/dog_saint/saint_bernard_117.jpg,saint_bernard,dog,saint bernard,dog_saint,30,1
/Users/mnfom/Projects/cnn-Makarena-211/petfaces/dog_american/american_bulldog_12.jpg,american_bulldog,dog,american bulldog,dog_american,12,1
/Users/mnfom/Projects/cnn-Makarena-211/petfaces/dog_newfoundland/newfoundland_183.jpg,newfoundland,dog,newfoundland,dog_newfoundland,27,1
/Users/mnfom/Projects/cnn-Makarena-211/petfaces/dog_american/american_pit_bull_terrier_102.jpg,american_pit_bull_terrier,dog,american pit bull terrier,dog_american,13,1
/Users/mnfom/Projects/cnn-Makarena-211/petfaces/dog_leonberger/leonberger_185.jpg,leonberger,dog,leonberger,dog_leonberger,25,1
/Users/mnfom/Projects/cnn-Makarena-211/petfaces/dog_havanese/havanese_12.jpg,havanese,dog,havanese,dog_havanese,22,1
/Users/mnfom/Projects/cnn-Makarena-211/petfaces/cat_Abyssinian/Abyssinian_148.jpg,Abyssinian,cat,Abyssinian,cat_Abyssinian,0,0
/Users/mnfom/Projects/cnn-Makarena-211/petfaces/cat_Ragdoll/Ragdoll_143.jpg,Ragdoll,cat,Ragdoll,cat_Ragdoll,8,0
/Users/mnfom/Projects/cnn-Makarena-211/petfaces/dog_american/american_bulldog_118.jpg,american_bulldog,dog,american bulldog,dog_american,12,1
/Users/mnfom/Projects/cnn-Makarena-211/petfaces/cat_Bombay/Bombay_108.jpg,Bombay,cat,Bombay,cat_Bombay,3,0
/Users/mnfom/Projects/cnn-Makarena-211/petfaces/cat_Ragdoll/Ragdoll_190.jpg,Ragdoll,cat,Ragdoll,cat_Ragdoll,8,0
/Users/mnfom/Projects/cnn-Makarena-211/petfaces/dog_wheaten/wheaten_terrier_173.jpg,wheaten_terrier,dog,wheaten terrier,dog_wheaten,35,1
/Users/mnfom/Projects/cnn-Makarena-211/petfaces/dog_english/english_cocker_spaniel_186.jpg,english_cocker_spaniel,dog,english cocker spaniel,dog_english,18,1
/Users/mnfom/Projects/cnn-Makarena-211/petfaces/dog_american/american_pit_bull_terrier_119.jpg,american_pit_bull_terrier,dog,american pit bull terrier,dog_american,13,1
/Users/mnfom/Projects/cnn-Makarena-211/petfaces/cat_Sphynx/Sphynx_125.jpg,Sphynx,cat,Sphynx,cat_Sphynx,11,0
/Users/mnfom/Projects/cnn-Makarena-211/petfaces/cat_Siamese/Siamese_153.jpg,Siamese,cat,Siamese,cat_Siamese,10,0
/Users/mnfom/Projects/cnn-Makarena-211/petfaces/dog_keeshond/keeshond_180.jpg,keeshond,dog,keeshond,dog_keeshond,24,1
/Users/mnfom/Projects/cnn-Makarena-211/petfaces/cat_British/British_Shorthair_164.jpg,British_Shorthair,cat,British Shorthair,cat_British,4,0
/Users/mnfom/Projects/cnn-Makarena-211/petfaces/dog_wheaten/wheaten_terrier_154.jpg,wheaten_terrier,dog,wheaten terrier,dog_wheaten,35,1
/Users/mnfom/Projects/cnn-Makarena-211/petfaces/dog_scottish/scottish_terrier_145.jpg,scottish_terrier,dog,scottish terrier,dog_scottish,32,1
/Users/mnfom/Projects/cnn-Makarena-211/petfaces/dog_saint/saint_bernard_131.jpg,saint_bernard,dog,saint bernard,dog_saint,30,1
/Users/mnfom/Projects/cnn-Makarena-211/petfaces/cat_Ragdoll/Ragdoll_171.jpg,Ragdoll,cat,Ragdoll,cat_Ragdoll,8,0
/Users/mnfom/Projects/cnn-Makarena-211/petfaces/dog_beagle/beagle_135.jpg,beagle,dog,beagle,dog_beagle,15,1
/Users/mnfom/Projects/cnn-Makarena-211/petfaces/dog_wheaten/wheaten_terrier_101.jpg,wheaten_terrier,dog,wheaten terrier,dog_wheaten,35,1
/Users/mnfom/Projects/cnn-Makarena-211/petfaces/dog_saint/saint_bernard_163.jpg,saint_bernard,dog,saint bernard,dog_saint,30,1
/Users/mnfom/Projects/cnn-Makarena-211/petfaces/cat_Abyssinian/Abyssinian_190.jpg,Abyssinian,cat,Abyssinian,cat_Abyssinian,0,0
/Users/mnfom/Projects/cnn-Makarena-211/petfaces/dog_american/american_bulldog_177.jpg,american_bulldog,dog,american bulldog,dog_american,12,1
/Users/mnfom/Projects/cnn-Makarena-211/petfaces/dog_keeshond/keeshond_167.jpg,keeshond,dog,keeshond,dog_keeshond,24,1
/Users/mnfom/Projects/cnn-Makarena-211/petfaces/dog_saint/saint_bernard_181.jpg,saint_bernard,dog,saint bernard,dog_saint,30,1
/Users/mnfom/Projects/cnn-Makarena-211/petfaces/dog_keeshond/keeshond_126.jpg,keeshond,dog,keeshond,dog_keeshond,24,1
/Users/mnfom/Projects/cnn-Makarena-211/petfaces/dog_keeshond/keeshond_175.jpg,keeshond,dog,keeshond,dog_keeshond,24,1
/Users/mnfom/Projects/cnn-Makarena-211/petfaces/cat_Persian/Persian_134.jpg,Persian,cat,Persian,cat_Persian,7,0
/Users/mnfom/Projects/cnn-Makarena-211/petfaces/cat_Birman/Birman_16.jpg,Birman,cat,Birman,cat_Birman,2,0
/Users/mnfom/Projects/cnn-Makarena-211/petfaces/cat_Birman/Birman_159.jpg,Birman,cat,Birman,cat_Birman,2,0
/Users/mnfom/Projects/cnn-Makarena-211/petfaces/cat_British/British_Shorthair_102.jpg,British_Shorthair,cat,British Shorthair,cat_British,4,0
/Users/mnfom/Projects/cnn-Makarena-211/petfaces/cat_Sphynx/Sphynx_131.jpg,Sphynx,cat,Sphynx,cat_Sphynx,11,0
/Users/mnfom/Projects/cnn-Makarena-211/petfaces/dog_newfoundland/newfoundland_130.jpg,newfoundland,dog,newfoundland,dog_newfoundland,27,1
/Users/mnfom/Projects/cnn-Makarena-211/petfaces/dog_chihuahua/chihuahua_148.jpg,chihuahua,dog,chihuahua,dog_chihuahua,17,1
/Users/mnfom/Projects/cnn-Makarena-211/petfaces/dog_yorkshire/yorkshire_terrier_175.jpg,yorkshire_terrier,dog,yorkshire terrier,dog_yorkshire,36,1
/Users/mnfom/Projects/cnn-Makarena-211/petfaces/cat_Bengal/Bengal_191.jpg,Bengal,cat,Bengal,cat_Bengal,1,0
/Users/mnfom/Projects/cnn-Makarena-211/petfaces/dog_pomeranian/pomeranian_16.jpg,pomeranian,dog,pomeranian,dog_pomeranian,28,1
/Users/mnfom/Projects/cnn-Makarena-211/petfaces/cat_British/British_Shorthair_120.jpg,British_Shorthair,cat,British Shorthair,cat_British,4,0
/Users/mnfom/Projects/cnn-Makarena-211/petfaces/dog_havanese/havanese_185.jpg,havanese,dog,havanese,dog_havanese,22,1
/Users/mnfom/Projects/cnn-Makarena-211/petfaces/dog_pomeranian/pomeranian_117.jpg,pomeranian,dog,pomeranian,dog_pomeranian,28,1
/Users/mnfom/Projects/cnn-Makarena-211/petfaces/dog_miniature/miniature_pinscher_130.jpg,miniature_pinscher,dog,miniature pinscher,dog_miniature,26,1
/Users/mnfom/Projects/cnn-Makarena-211/petfaces/dog_leonberger/leonberger_162.jpg,leonberger,dog,leonberger,dog_leonberger,25,1
/Users/mnfom/Projects/cnn-Makarena-211/petfaces/dog_scottish/scottish_terrier_158.jpg,scottish_terrier,dog,scottish terrier,dog_scottish,32,1
/Users/mnfom/Projects/cnn-Makarena-211/petfaces/dog_miniature/miniature_pinscher_142.jpg,miniature_pinscher,dog,miniature pinscher,dog_miniature,26,1
/Users/mnfom/Projects/cnn-Makarena-211/petfaces/dog_shiba/shiba_inu_122.jpg,shiba_inu,dog,shiba inu,dog_shiba,33,1
/Users/mnfom/Projects/cnn-Makarena-211/petfaces/dog_leonberger/leonberger_152.jpg,leonberger,dog,leonberger,dog_leonberger,25,1
/Users/mnfom/Projects/cnn-Makarena-211/petfaces/cat_Birman/Birman_168.jpg,Birman,cat,Birman,cat_Birman,2,0
/Users/mnfom/Projects/cnn-Makarena-211/petfaces/dog_english/english_cocker_spaniel_189.jpg,english_cocker_spaniel,dog,english cocker spaniel,dog_english,18,1
/Users/mnfom/Projects/cnn-Makarena-211/petfaces/dog_english/english_cocker_spaniel_172.jpg,english_cocker_spaniel,dog,english cocker spaniel,dog_english,18,1
/Users/mnfom/Projects/cnn-Makarena-211/petfaces/cat_Bengal/Bengal_176.jpg,Bengal,cat,Bengal,cat_Bengal,1,0
